CycleID,Point,Trolley Position,Hoist Position,Date,Mode
1,0,75.565,20.281,23/06/2023 12:00,M
1,1,75.555,20.669,23/06/2023 12:01,M
1,2,75.555,20.862,23/06/2023 12:01,M
1,3,75.555,20.862,23/06/2023 12:01,M
1,4,75.554,20.862,23/06/2023 12:01,M
1,5,75.555,20.862,23/06/2023 12:01,M
1,6,75.555,20.866,23/06/2023 12:01,M
1,7,75.554,22.78,23/06/2023 12:01,M
1,8,75.419,28.379,23/06/2023 12:01,M
1,9,75.267,31.279,23/06/2023 12:01,A
1,10,70.456,31.278,23/06/2023 12:01,A
1,11,60.165,31.278,23/06/2023 12:01,A
1,12,50.457,31.278,23/06/2023 12:01,A
1,13,40.448,31.282,23/06/2023 12:01,A
1,14,33.919,28.794,23/06/2023 12:01,A
1,15,29.69,21.547,23/06/2023 12:01,A
1,16,27.146,14.301,23/06/2023 12:01,A
1,17,25.979,11.38,23/06/2023 12:01,A
1,18,25.991,8.516,23/06/2023 12:01,A
1,19,25.991,6.007,23/06/2023 12:01,A
1,20,25.991,4.376,23/06/2023 12:01,A
1,21,25.991,4.079,23/06/2023 12:02,M
1,22,25.99,4.079,23/06/2023 12:02,M
1,23,25.991,4.079,23/06/2023 12:02,M
1,24,25.991,4.079,23/06/2023 12:02,M
1,25,25.99,4.124,23/06/2023 12:02,A
1,26,25.99,7.962,23/06/2023 12:02,A
1,27,25.987,13.302,23/06/2023 12:02,A
1,28,24.223,15.997,23/06/2023 12:02,A
1,29,21.42,14.351,23/06/2023 12:02,A
1,30,17.162,13.953,23/06/2023 12:02,A
1,31,14.171,13.956,23/06/2023 12:02,A
1,32,12.428,11.86,23/06/2023 12:02,A
1,33,11.729,10.371,23/06/2023 12:02,A
1,34,11.452,9.155,23/06/2023 12:02,A
1,35,11.307,4.968,23/06/2023 12:02,A
1,36,11.309,3.545,23/06/2023 12:02,A
1,37,11.309,3.325,23/06/2023 12:02,A
1,38,11.327,3.034,23/06/2023 12:02,A
1,39,11.322,2.688,23/06/2023 12:02,A
2,0,78.239,20.208,23/06/2023 12:04,M
2,1,78.239,20.609,23/06/2023 12:04,M
2,2,78.238,21.141,23/06/2023 12:04,M
2,3,77.831,22.32,23/06/2023 12:04,M
2,4,77.803,24.217,23/06/2023 12:04,M
2,5,77.753,25.564,23/06/2023 12:04,A
2,6,74.846,25.564,23/06/2023 12:04,A
2,7,66.277,25.564,23/06/2023 12:04,A
2,8,56.592,25.564,23/06/2023 12:04,A
2,9,45.587,25.564,23/06/2023 12:04,A
2,10,38.314,25.564,23/06/2023 12:04,A
2,11,31.574,24.647,23/06/2023 12:05,A
2,12,28.097,17.382,23/06/2023 12:05,A
2,13,26.52,13.06,23/06/2023 12:05,A
2,14,25.977,10.754,23/06/2023 12:05,A
2,15,25.976,7.796,23/06/2023 12:05,A
2,16,25.977,5.427,23/06/2023 12:05,A
2,17,25.977,4.067,23/06/2023 12:05,M
2,18,25.976,4.069,23/06/2023 12:05,M
2,19,25.976,4.069,23/06/2023 12:05,M
2,20,25.977,4.069,23/06/2023 12:05,M
2,21,25.977,4.069,23/06/2023 12:05,M
2,22,25.976,4.069,23/06/2023 12:05,A
2,23,25.976,5.994,23/06/2023 12:05,A
2,24,25.973,14.396,23/06/2023 12:05,A
2,25,24.185,21.673,23/06/2023 12:05,A
2,26,21.146,26.834,23/06/2023 12:05,A
2,27,14.178,27.766,23/06/2023 12:05,A
2,28,9.263,23.696,23/06/2023 12:05,A
2,29,5.6,15.054,23/06/2023 12:05,A
2,30,4.191,11.078,23/06/2023 12:06,A
2,31,3.738,9.595,23/06/2023 12:06,A
2,32,3.7,5.153,23/06/2023 12:06,A
2,33,3.725,3.518,23/06/2023 12:06,A
2,34,3.742,3.295,23/06/2023 12:06,A
2,35,3.739,2.94,23/06/2023 12:06,A
2,36,3.736,2.808,23/06/2023 12:06,A
2,37,3.736,3.299,23/06/2023 12:06,A
2,38,3.738,3.661,23/06/2023 12:06,A
2,39,3.738,3.465,23/06/2023 12:06,A
2,40,3.753,3.309,23/06/2023 12:06,A
2,41,3.755,3.097,23/06/2023 12:06,A
2,42,3.753,2.829,23/06/2023 12:06,A
2,43,3.753,3.19,23/06/2023 12:06,A
2,44,3.751,3.668,23/06/2023 12:06,A
2,45,3.77,3.496,23/06/2023 12:06,A
2,46,3.769,3.303,23/06/2023 12:06,A
2,47,3.77,3.079,23/06/2023 12:06,A
2,48,3.769,2.822,23/06/2023 12:06,A
2,49,3.768,3.116,23/06/2023 12:06,A
2,50,3.768,3.624,23/06/2023 12:07,A
2,51,3.769,3.401,23/06/2023 12:07,A
2,52,3.77,3.075,23/06/2023 12:07,A
2,53,3.769,2.825,23/06/2023 12:07,A
3,0,80.574,20.326,23/06/2023 12:08,M
3,1,80.488,20.748,23/06/2023 12:08,M
3,2,80.486,21.372,23/06/2023 12:08,M
3,3,80.449,24.327,23/06/2023 12:08,M
3,4,80.402,27.701,23/06/2023 12:08,A
3,5,78.739,27.815,23/06/2023 12:08,A
3,6,72.854,27.815,23/06/2023 12:08,A
3,7,61.746,27.815,23/06/2023 12:09,A
3,8,50.274,27.815,23/06/2023 12:09,A
3,9,40.842,27.815,23/06/2023 12:09,A
3,10,33.303,27.106,23/06/2023 12:09,A
3,11,29.371,21.893,23/06/2023 12:09,A
3,12,26.994,13.389,23/06/2023 12:09,A
3,13,26.221,9.593,23/06/2023 12:09,A
3,14,26.221,6.847,23/06/2023 12:09,A
3,15,26.221,4.706,23/06/2023 12:09,A
3,16,26.221,4.064,23/06/2023 12:09,M
3,17,26.22,4.064,23/06/2023 12:09,M
3,18,26.22,4.064,23/06/2023 12:09,M
3,19,26.221,4.064,23/06/2023 12:09,M
3,20,26.221,4.064,23/06/2023 12:09,A
3,21,26.22,7.183,23/06/2023 12:09,A
3,22,26.045,14.079,23/06/2023 12:09,A
3,23,23.845,15.917,23/06/2023 12:09,A
3,24,20.147,14.139,23/06/2023 12:09,A
3,25,15.661,13.956,23/06/2023 12:09,A
3,26,13.067,13.094,23/06/2023 12:10,A
3,27,11.782,10.427,23/06/2023 12:10,A
3,28,11.468,9.434,23/06/2023 12:10,A
3,29,11.313,5.757,23/06/2023 12:10,A
3,30,11.304,3.572,23/06/2023 12:10,A
3,31,11.306,3.446,23/06/2023 12:10,A
3,32,11.321,3.307,23/06/2023 12:10,A
3,33,11.321,3.137,23/06/2023 12:10,A
3,34,11.322,2.988,23/06/2023 12:10,A
3,35,11.323,2.841,23/06/2023 12:10,A
4,0,85.463,20.364,23/06/2023 12:12,M
4,1,85.463,20.557,23/06/2023 12:12,M
4,2,85.462,20.564,23/06/2023 12:12,M
4,3,85.462,20.914,23/06/2023 12:12,M
4,4,85.462,21.806,23/06/2023 12:12,M
4,5,85.462,24.358,23/06/2023 12:12,M
4,6,85.462,26.422,23/06/2023 12:12,A
4,7,83.799,26.422,23/06/2023 12:12,A
4,8,76.154,26.425,23/06/2023 12:12,A
4,9,64.768,26.425,23/06/2023 12:12,A
4,10,53.304,26.425,23/06/2023 12:12,A
4,11,43.559,26.425,23/06/2023 12:12,A
4,12,36.35,26.425,23/06/2023 12:12,A
4,13,30.547,23.578,23/06/2023 12:12,A
4,14,27.624,15.686,23/06/2023 12:12,A
4,15,26.327,12.282,23/06/2023 12:13,A
4,16,26.216,8.986,23/06/2023 12:13,A
4,17,26.213,6.382,23/06/2023 12:13,A
4,18,26.216,4.387,23/06/2023 12:13,A
4,19,26.215,4.084,23/06/2023 12:13,M
4,20,26.215,4.084,23/06/2023 12:13,M
4,21,26.216,4.084,23/06/2023 12:13,M
4,22,26.215,4.084,23/06/2023 12:13,M
4,23,26.213,4.169,23/06/2023 12:13,A
4,24,26.216,9.124,23/06/2023 12:13,A
4,25,25.624,14.985,23/06/2023 12:13,A
4,26,22.844,15.58,23/06/2023 12:13,A
4,27,19.02,14.031,23/06/2023 12:13,A
4,28,14.871,13.956,23/06/2023 12:13,A
4,29,12.71,12.778,23/06/2023 12:13,A
4,30,11.766,10.392,23/06/2023 12:13,A
4,31,11.446,9.25,23/06/2023 12:13,A
4,32,11.29,5.08,23/06/2023 12:13,A
4,33,11.294,3.536,23/06/2023 12:13,A
4,34,11.315,3.307,23/06/2023 12:14,A
4,35,11.314,2.946,23/06/2023 12:14,A
4,36,11.312,2.682,23/06/2023 12:14,A
5,0,50.652,17.498,23/06/2023 12:16,M
5,1,50.652,17.803,23/06/2023 12:16,M
5,2,50.651,19.973,23/06/2023 12:16,M
5,3,50.633,23.954,23/06/2023 12:16,M
5,4,49.499,24.449,23/06/2023 12:16,A
5,5,44.805,24.449,23/06/2023 12:16,A
5,6,37.471,24.449,23/06/2023 12:16,A
5,7,30.748,23.311,23/06/2023 12:16,A
5,8,27.67,16.3,23/06/2023 12:16,A
5,9,26.175,11.303,23/06/2023 12:16,A
5,10,26.185,7.889,23/06/2023 12:16,A
5,11,26.185,5.528,23/06/2023 12:16,A
5,12,26.185,4.045,23/06/2023 12:16,M
5,13,26.185,4.048,23/06/2023 12:16,M
5,14,26.185,4.048,23/06/2023 12:16,M
5,15,26.185,4.048,23/06/2023 12:16,M
5,16,26.185,4.079,23/06/2023 12:17,A
5,17,26.184,7.206,23/06/2023 12:17,A
5,18,26.03,16.01,23/06/2023 12:17,A
5,19,23.643,23.155,23/06/2023 12:17,A
5,20,19.235,27.776,23/06/2023 12:17,A
5,21,12.222,26.641,23/06/2023 12:17,A
5,22,7.716,25.949,23/06/2023 12:17,A
5,23,5.555,23.098,23/06/2023 12:17,A
5,24,4.776,18.258,23/06/2023 12:17,A
5,25,3.901,13.477,23/06/2023 12:17,A
5,26,3.814,10.998,23/06/2023 12:17,A
5,27,3.718,7.415,23/06/2023 12:17,A
5,28,3.739,4.186,23/06/2023 12:17,A
5,29,3.736,3.255,23/06/2023 12:17,A
5,30,3.745,3.165,23/06/2023 12:17,A
5,31,3.761,3.038,23/06/2023 12:17,A
5,32,3.759,2.979,23/06/2023 12:17,A
6,0,53.122,17.196,23/06/2023 12:19,M
6,1,53.122,17.596,23/06/2023 12:19,M
6,2,53.122,18.318,23/06/2023 12:19,M
6,3,52.839,20.639,23/06/2023 12:19,M
6,4,52.565,25.462,23/06/2023 12:19,A
6,5,50.945,25.688,23/06/2023 12:19,A
6,6,45.613,25.688,23/06/2023 12:19,A
6,7,37.663,25.688,23/06/2023 12:19,A
6,8,31.791,24.821,23/06/2023 12:19,A
6,9,28.12,17.761,23/06/2023 12:19,A
6,10,26.248,12.586,23/06/2023 12:19,A
6,11,25.947,10.341,23/06/2023 12:19,A
6,12,25.946,7.754,23/06/2023 12:19,A
6,13,25.947,5.321,23/06/2023 12:19,A
6,14,25.945,4.04,23/06/2023 12:20,M
6,15,25.946,4.041,23/06/2023 12:20,M
6,16,25.946,4.041,23/06/2023 12:20,M
6,17,25.946,4.041,23/06/2023 12:20,M
6,18,25.946,5.84,23/06/2023 12:20,A
6,19,25.946,10.598,23/06/2023 12:20,A
6,20,24.52,19.517,23/06/2023 12:20,A
6,21,21.548,26.221,23/06/2023 12:20,A
6,22,14.837,27.875,23/06/2023 12:20,A
6,23,9.16,23.018,23/06/2023 12:20,A
6,24,5.637,14.919,23/06/2023 12:20,A
6,25,4.092,10.748,23/06/2023 12:20,A
6,26,3.767,9.935,23/06/2023 12:20,A
6,27,3.694,6.501,23/06/2023 12:20,A
6,28,3.715,3.563,23/06/2023 12:20,A
6,29,3.717,3.342,23/06/2023 12:20,A
6,30,3.734,3.096,23/06/2023 12:20,A
6,31,3.735,2.807,23/06/2023 12:20,A
7,0,55.574,17.356,23/06/2023 12:22,M
7,1,55.574,17.828,23/06/2023 12:22,M
7,2,55.574,18.765,23/06/2023 12:22,M
7,3,55.209,24.673,23/06/2023 12:22,M
7,4,54.679,29.179,23/06/2023 12:22,A
7,5,50.9,29.306,23/06/2023 12:22,A
7,6,42.637,29.306,23/06/2023 12:22,A
7,7,33.318,28.176,23/06/2023 12:22,A
7,8,29.283,22.459,23/06/2023 12:22,A
7,9,26.933,15.033,23/06/2023 12:22,A
7,10,26.205,10.269,23/06/2023 12:22,A
7,11,26.203,7.522,23/06/2023 12:22,A
7,12,26.204,5.21,23/06/2023 12:22,A
7,13,26.203,4.144,23/06/2023 12:22,M
7,14,26.203,4.145,23/06/2023 12:22,M
7,15,26.202,4.145,23/06/2023 12:22,M
7,16,26.203,4.145,23/06/2023 12:22,M
7,17,26.202,4.966,23/06/2023 12:22,A
7,18,26.202,11.467,23/06/2023 12:22,A
7,19,24.816,15.812,23/06/2023 12:22,A
7,20,21.474,14.508,23/06/2023 12:23,A
7,21,17.094,13.982,23/06/2023 12:23,M
7,22,13.892,13.982,23/06/2023 12:23,M
7,23,12.464,13.982,23/06/2023 12:23,M
7,24,12.33,13.982,23/06/2023 12:23,M
7,25,12.307,13.982,23/06/2023 12:23,M
7,26,12.338,13.982,23/06/2023 12:23,M
7,27,12.343,13.982,23/06/2023 12:23,M
7,28,12.319,13.982,23/06/2023 12:23,M
7,29,12.324,13.982,23/06/2023 12:23,M
7,30,12.344,13.982,23/06/2023 12:23,M
7,31,12.33,13.982,23/06/2023 12:23,M
7,32,12.331,13.982,23/06/2023 12:23,M
7,33,12.33,13.982,23/06/2023 12:23,M
7,34,12.33,13.982,23/06/2023 12:23,M
7,35,12.33,13.982,23/06/2023 12:23,M
7,36,12.331,13.982,23/06/2023 12:23,M
7,37,12.33,13.982,23/06/2023 12:23,M
7,38,12.329,13.982,23/06/2023 12:23,M
7,39,12.331,13.982,23/06/2023 12:24,M
7,40,12.331,13.982,23/06/2023 12:24,M
7,41,12.33,13.982,23/06/2023 12:24,M
7,42,12.33,13.982,23/06/2023 12:24,M
7,43,12.331,13.982,23/06/2023 12:24,M
7,44,12.329,13.982,23/06/2023 12:24,M
7,45,12.329,14.742,23/06/2023 12:24,A
7,46,12.331,21.403,23/06/2023 12:24,A
7,47,12.826,27.204,23/06/2023 12:24,A
7,48,15.586,27.179,23/06/2023 12:24,A
7,49,20.084,20.718,23/06/2023 12:24,A
7,50,23.734,15.435,23/06/2023 12:24,A
7,51,25.684,15.531,23/06/2023 12:24,A
7,52,26.229,15.217,23/06/2023 12:24,A
7,53,25.711,15.126,23/06/2023 12:24,A
7,54,22.444,13.994,23/06/2023 12:24,A
7,55,18.47,13.957,23/06/2023 12:24,A
7,56,14.218,13.957,23/06/2023 12:24,A
7,57,12.431,12.072,23/06/2023 12:24,A
7,58,11.727,10.4,23/06/2023 12:25,A
7,59,11.426,9.156,23/06/2023 12:25,A
7,60,11.332,4.833,23/06/2023 12:25,A
7,61,11.333,3.549,23/06/2023 12:25,A
7,62,11.333,3.312,23/06/2023 12:25,A
7,63,11.332,2.983,23/06/2023 12:25,A
7,64,11.334,2.683,23/06/2023 12:25,A
8,0,58.16,17.352,23/06/2023 12:26,M
8,1,58.16,17.925,23/06/2023 12:26,M
8,2,58.16,18.394,23/06/2023 12:26,M
8,3,57.92,23.201,23/06/2023 12:26,M
8,4,57.787,26.927,23/06/2023 12:27,A
8,5,55.849,26.932,23/06/2023 12:27,A
8,6,51.599,26.932,23/06/2023 12:27,A
8,7,42.893,26.932,23/06/2023 12:27,A
8,8,35.116,26.888,23/06/2023 12:27,A
8,9,29.815,23.248,23/06/2023 12:27,A
8,10,27.285,15.091,23/06/2023 12:27,A
8,11,26.197,10.702,23/06/2023 12:27,A
8,12,26.196,7.9,23/06/2023 12:27,A
8,13,26.195,5.582,23/06/2023 12:27,A
8,14,26.196,4.386,23/06/2023 12:27,A
8,15,26.195,4.061,23/06/2023 12:27,M
8,16,26.196,4.061,23/06/2023 12:27,M
8,17,26.196,4.061,23/06/2023 12:27,M
8,18,26.196,4.061,23/06/2023 12:27,A
8,19,26.195,6.005,23/06/2023 12:27,A
8,20,26.194,13.095,23/06/2023 12:27,A
8,21,24.751,15.981,23/06/2023 12:27,A
8,22,22.086,14.858,23/06/2023 12:27,A
8,23,17.931,13.945,23/06/2023 12:28,A
8,24,14.589,13.947,23/06/2023 12:28,A
8,25,12.584,11.697,23/06/2023 12:28,A
8,26,11.688,10.373,23/06/2023 12:28,A
8,27,11.434,8.947,23/06/2023 12:28,A
8,28,11.298,4.648,23/06/2023 12:28,A
8,29,11.301,3.548,23/06/2023 12:28,A
8,30,11.304,3.336,23/06/2023 12:28,A
8,31,11.318,3.029,23/06/2023 12:28,A
8,32,11.319,2.678,23/06/2023 12:28,A
9,0,60.443,17.425,23/06/2023 12:29,M
9,1,60.442,18.215,23/06/2023 12:29,M
9,2,60.184,23.904,23/06/2023 12:29,M
9,3,60.008,27.601,23/06/2023 12:29,A
9,4,57.206,27.752,23/06/2023 12:29,A
9,5,51.634,27.752,23/06/2023 12:29,A
9,6,43.179,27.752,23/06/2023 12:29,A
9,7,35.42,27.656,23/06/2023 12:29,A
9,8,30.295,24.097,23/06/2023 12:29,A
9,9,27.913,15.7,23/06/2023 12:29,A
9,10,26.207,11.822,23/06/2023 12:29,A
9,11,26.187,8.617,23/06/2023 12:29,A
9,12,26.186,6.369,23/06/2023 12:30,A
9,13,26.187,4.366,23/06/2023 12:30,A
9,14,26.187,4.069,23/06/2023 12:30,M
9,15,26.188,4.069,23/06/2023 12:30,M
9,16,26.188,4.069,23/06/2023 12:30,M
9,17,26.188,4.069,23/06/2023 12:30,A
9,18,26.187,5.145,23/06/2023 12:30,A
9,19,26.187,11.897,23/06/2023 12:30,A
9,20,24.177,15.986,23/06/2023 12:30,A
9,21,20.232,16.03,23/06/2023 12:30,A
9,22,14.094,16.03,23/06/2023 12:30,A
9,23,8.225,16.03,23/06/2023 12:30,A
9,24,5.785,14.917,23/06/2023 12:30,A
9,25,4.123,10.8,23/06/2023 12:30,A
9,26,3.844,9.956,23/06/2023 12:30,A
9,27,3.712,6.55,23/06/2023 12:30,A
9,28,3.711,3.59,23/06/2023 12:30,A
9,29,3.72,3.391,23/06/2023 12:30,A
9,30,3.738,3.218,23/06/2023 12:30,A
9,31,3.742,2.89,23/06/2023 12:30,A
9,32,3.738,2.815,23/06/2023 12:31,A
10,0,63.021,17.414,23/06/2023 12:32,M
10,1,63.02,18.039,23/06/2023 12:32,M
10,2,62.745,23.393,23/06/2023 12:32,M
10,3,62.439,28.405,23/06/2023 12:32,A
10,4,58.39,28.579,23/06/2023 12:32,A
10,5,49.979,28.579,23/06/2023 12:32,A
10,6,40.811,28.579,23/06/2023 12:32,A
10,7,30.978,28.579,23/06/2023 12:32,A
10,8,21.796,28.563,23/06/2023 12:32,A
10,9,16.682,25.541,23/06/2023 12:32,A
10,10,13.385,17.399,23/06/2023 12:32,A
10,11,11.915,12.662,23/06/2023 12:32,M
10,12,11.55,12.831,23/06/2023 12:33,M
10,13,11.526,19.181,23/06/2023 12:33,M
10,14,11.574,25.631,23/06/2023 12:33,M
10,15,11.819,27.501,23/06/2023 12:33,M
10,16,12.079,27.501,23/06/2023 12:33,M
10,17,12.526,27.501,23/06/2023 12:33,M
10,18,13.66,27.501,23/06/2023 12:33,M
10,19,15.224,27.501,23/06/2023 12:33,M
10,20,17.095,27.501,23/06/2023 12:33,M
10,21,19.79,27.505,23/06/2023 12:33,M
10,22,22.935,27.404,23/06/2023 12:33,M
10,23,25.387,27.078,23/06/2023 12:33,M
10,24,26.775,26.605,23/06/2023 12:33,M
10,25,26.789,26.046,23/06/2023 12:33,M
10,26,26.788,25.074,23/06/2023 12:33,M
10,27,26.788,23.731,23/06/2023 12:33,M
10,28,26.787,22.037,23/06/2023 12:33,M
10,29,26.788,20.406,23/06/2023 12:33,M
10,30,26.788,18.808,23/06/2023 12:33,M
10,31,26.695,16.898,23/06/2023 12:33,M
10,32,26.527,15.294,23/06/2023 12:34,M
10,33,26.526,13.393,23/06/2023 12:34,M
10,34,26.35,11.74,23/06/2023 12:34,M
10,35,26.35,9.791,23/06/2023 12:34,M
10,36,26.35,8.195,23/06/2023 12:34,M
10,37,26.35,7.355,23/06/2023 12:34,M
10,38,26.35,6.555,23/06/2023 12:34,M
10,39,26.35,5.938,23/06/2023 12:34,M
10,40,26.35,5.116,23/06/2023 12:34,M
10,41,26.35,4.356,23/06/2023 12:34,M
10,42,26.35,3.956,23/06/2023 12:34,M
10,43,26.35,3.956,23/06/2023 12:34,M
10,44,26.35,3.956,23/06/2023 12:34,M
10,45,26.35,3.956,23/06/2023 12:34,M
10,46,26.35,4.686,23/06/2023 12:34,M
10,47,26.348,7.386,23/06/2023 12:34,A
10,48,26.347,12.823,23/06/2023 12:34,A
10,49,24.963,15.963,23/06/2023 12:34,A
10,50,22.141,14.892,23/06/2023 12:34,A
10,51,18.777,13.992,23/06/2023 12:34,A
10,52,15.221,13.952,23/06/2023 12:34,A
10,53,13.163,13.648,23/06/2023 12:35,A
10,54,11.965,10.585,23/06/2023 12:35,A
10,55,11.567,10.25,23/06/2023 12:35,A
10,56,11.358,7.386,23/06/2023 12:35,A
10,57,11.293,4.141,23/06/2023 12:35,A
10,58,11.295,3.462,23/06/2023 12:35,A
10,59,11.312,3.283,23/06/2023 12:35,A
10,60,11.31,3.018,23/06/2023 12:35,A
10,61,11.308,2.676,23/06/2023 12:35,A
11,0,65.628,17.332,23/06/2023 12:36,M
11,1,65.627,17.666,23/06/2023 12:36,M
11,2,65.626,21.053,23/06/2023 12:36,M
11,3,65.275,27.754,23/06/2023 12:36,M
11,4,65.037,30.738,23/06/2023 12:36,A
11,5,59.939,31.145,23/06/2023 12:36,A
11,6,53.298,31.145,23/06/2023 12:36,A
11,7,42.44,31.145,23/06/2023 12:36,A
11,8,35.236,29.191,23/06/2023 12:36,A
11,9,29.873,22.272,23/06/2023 12:36,A
11,10,27.626,15.656,23/06/2023 12:36,A
11,11,26.186,11.017,23/06/2023 12:37,A
11,12,26.201,7.901,23/06/2023 12:37,A
11,13,26.202,5.522,23/06/2023 12:37,A
11,14,26.201,4.117,23/06/2023 12:37,M
11,15,26.202,4.057,23/06/2023 12:37,M
11,16,26.2,4.057,23/06/2023 12:37,M
11,17,26.201,4.057,23/06/2023 12:37,M
11,18,26.201,4.075,23/06/2023 12:37,A
11,19,26.2,8.445,23/06/2023 12:37,A
11,20,25.69,14.863,23/06/2023 12:37,A
11,21,21.946,15.996,23/06/2023 12:37,A
11,22,17.545,15.996,23/06/2023 12:37,A
11,23,10.679,15.996,23/06/2023 12:37,A
11,24,6.416,15.947,23/06/2023 12:37,A
11,25,4.551,12.158,23/06/2023 12:37,A
11,26,3.899,10.428,23/06/2023 12:37,A
11,27,3.717,6.865,23/06/2023 12:37,A
11,28,3.699,3.908,23/06/2023 12:37,A
11,29,3.72,3.439,23/06/2023 12:37,A
11,30,3.739,3.27,23/06/2023 12:38,A
11,31,3.737,3.027,23/06/2023 12:38,A
11,32,3.737,2.813,23/06/2023 12:38,A
12,0,68.141,17.374,23/06/2023 12:39,M
12,1,68.141,18.013,23/06/2023 12:39,M
12,2,68.011,21.226,23/06/2023 12:39,M
12,3,67.6,28.568,23/06/2023 12:39,A
12,4,65.666,30.085,23/06/2023 12:39,A
12,5,59.791,30.085,23/06/2023 12:39,A
12,6,48.466,30.085,23/06/2023 12:39,A
12,7,39.992,30.087,23/06/2023 12:39,A
12,8,32.57,27.874,23/06/2023 12:39,A
12,9,28.917,19.437,23/06/2023 12:39,A
12,10,26.751,13.599,23/06/2023 12:39,A
12,11,26.198,9.563,23/06/2023 12:39,A
12,12,26.2,7.264,23/06/2023 12:39,A
12,13,26.197,5.148,23/06/2023 12:40,A
12,14,26.2,4.524,23/06/2023 12:40,A
12,15,26.197,4.03,23/06/2023 12:40,M
12,16,26.197,4.03,23/06/2023 12:40,M
12,17,26.197,4.03,23/06/2023 12:40,A
12,18,26.197,4.931,23/06/2023 12:40,A
12,19,26.197,10.474,23/06/2023 12:40,A
12,20,25.117,15.524,23/06/2023 12:40,A
12,21,22.09,14.928,23/06/2023 12:40,A
12,22,17.988,13.955,23/06/2023 12:40,A
12,23,14.224,13.957,23/06/2023 12:40,A
12,24,12.398,11.845,23/06/2023 12:40,A
12,25,11.704,10.371,23/06/2023 12:40,A
12,26,11.42,8.856,23/06/2023 12:40,A
12,27,11.295,4.641,23/06/2023 12:40,A
12,28,11.298,3.486,23/06/2023 12:40,A
12,29,11.317,3.223,23/06/2023 12:40,A
12,30,11.317,2.731,23/06/2023 12:40,A
13,0,70.745,17.286,23/06/2023 12:42,M
13,1,70.745,17.604,23/06/2023 12:42,M
13,2,70.745,18.756,23/06/2023 12:42,M
13,3,70.538,25.047,23/06/2023 12:42,M
13,4,70.305,27.977,23/06/2023 12:42,A
13,5,65.94,27.992,23/06/2023 12:42,A
13,6,55.916,27.992,23/06/2023 12:42,A
13,7,44.05,27.992,23/06/2023 12:42,A
13,8,35.667,27.953,23/06/2023 12:42,A
13,9,29.986,23.112,23/06/2023 12:42,A
13,10,27.378,15.183,23/06/2023 12:42,A
13,11,26.199,10.859,23/06/2023 12:42,A
13,12,26.202,7.827,23/06/2023 12:42,A
13,13,26.203,5.064,23/06/2023 12:42,A
13,14,26.205,4.046,23/06/2023 12:42,M
13,15,26.202,4.046,23/06/2023 12:42,M
13,16,26.202,4.046,23/06/2023 12:42,A
13,17,26.202,5.16,23/06/2023 12:42,A
13,18,26.203,11.79,23/06/2023 12:43,A
13,19,24.266,16.028,23/06/2023 12:43,A
13,20,20.114,16.063,23/06/2023 12:43,A
13,21,12.897,16.063,23/06/2023 12:43,A
13,22,8.073,16.063,23/06/2023 12:43,A
13,23,5.376,14.728,23/06/2023 12:43,A
13,24,4.03,10.68,23/06/2023 12:43,A
13,25,3.77,9.674,23/06/2023 12:43,A
13,26,3.706,5.38,23/06/2023 12:43,A
13,27,3.72,3.497,23/06/2023 12:43,A
13,28,3.723,3.321,23/06/2023 12:43,A
13,29,3.741,3.162,23/06/2023 12:43,A
13,30,3.739,2.819,23/06/2023 12:43,A
14,0,73.275,17.283,23/06/2023 12:44,M
14,1,73.275,17.799,23/06/2023 12:44,M
14,2,73.274,18.752,23/06/2023 12:44,M
14,3,73.066,24.582,23/06/2023 12:44,M
14,4,72.965,27.577,23/06/2023 12:45,A
14,5,68.902,27.626,23/06/2023 12:45,A
14,6,61.113,27.626,23/06/2023 12:45,A
14,7,49.16,27.626,23/06/2023 12:45,A
14,8,39.586,27.626,23/06/2023 12:45,A
14,9,33.356,27.066,23/06/2023 12:45,A
14,10,28.919,20.382,23/06/2023 12:45,A
14,11,26.737,13.366,23/06/2023 12:45,A
14,12,26.195,10.106,23/06/2023 12:45,A
14,13,26.197,7.226,23/06/2023 12:45,A
14,14,26.197,5.006,23/06/2023 12:45,A
14,15,26.195,4.05,23/06/2023 12:45,M
14,16,26.195,4.05,23/06/2023 12:45,M
14,17,26.195,4.05,23/06/2023 12:45,A
14,18,26.195,5.648,23/06/2023 12:45,A
14,19,26.195,11.718,23/06/2023 12:45,A
14,20,24.931,15.941,23/06/2023 12:45,A
14,21,21.537,14.558,23/06/2023 12:45,A
14,22,17.85,13.954,23/06/2023 12:45,A
14,23,14.593,13.955,23/06/2023 12:45,A
14,24,12.594,12.361,23/06/2023 12:46,A
14,25,11.801,10.424,23/06/2023 12:46,A
14,26,11.481,9.518,23/06/2023 12:46,A
14,27,11.321,6.145,23/06/2023 12:46,A
14,28,11.299,3.557,23/06/2023 12:46,A
14,29,11.302,3.34,23/06/2023 12:46,A
14,30,11.317,3.093,23/06/2023 12:46,A
14,31,11.315,2.679,23/06/2023 12:46,A
15,0,75.573,17.401,23/06/2023 12:47,M
16,0,78.107,17.29,23/06/2023 12:50,M
16,1,78.106,17.897,23/06/2023 12:50,M
16,2,78.09,19.62,23/06/2023 12:50,M
16,3,77.669,25.989,23/06/2023 12:51,A
16,4,76.643,27.103,23/06/2023 12:51,A
16,5,71.165,27.103,23/06/2023 12:51,A
16,6,60.333,27.103,23/06/2023 12:51,A
16,7,48.287,27.103,23/06/2023 12:51,A
16,8,39.3,27.103,23/06/2023 12:51,A
16,9,32.177,25.939,23/06/2023 12:51,A
16,10,28.384,18.498,23/06/2023 12:51,A
16,11,26.414,12.236,23/06/2023 12:51,A
16,12,26.213,8.707,23/06/2023 12:51,A
16,13,26.213,6.168,23/06/2023 12:51,A
16,14,26.215,4.253,23/06/2023 12:51,A
16,15,26.214,4.044,23/06/2023 12:51,M
16,16,26.213,4.044,23/06/2023 12:51,A
16,17,26.213,4.697,23/06/2023 12:51,A
16,18,26.215,11.279,23/06/2023 12:51,A
16,19,25.107,15.853,23/06/2023 12:51,A
16,20,21.469,14.588,23/06/2023 12:51,A
16,21,17.076,13.953,23/06/2023 12:51,A
16,22,13.642,13.957,23/06/2023 12:52,A
16,23,12.13,11.165,23/06/2023 12:52,A
16,24,11.58,10.305,23/06/2023 12:52,A
16,25,11.334,7.615,23/06/2023 12:52,A
16,26,11.276,3.874,23/06/2023 12:52,A
16,27,11.278,3.386,23/06/2023 12:52,A
16,28,11.297,3.207,23/06/2023 12:52,A
16,29,11.296,2.711,23/06/2023 12:52,A
16,30,11.294,2.692,23/06/2023 12:52,A
16,31,11.293,3.028,23/06/2023 12:52,A
16,32,11.293,5.124,23/06/2023 12:52,A
16,33,11.447,12.684,23/06/2023 12:52,A
16,34,16.091,21.102,23/06/2023 12:52,A
16,35,25.56,24.389,23/06/2023 12:52,A
16,36,37.367,24.389,23/06/2023 12:52,A
16,37,48.947,24.389,23/06/2023 12:52,A
16,38,61.794,24.389,23/06/2023 12:52,A
16,39,70.755,24.389,23/06/2023 12:52,A
16,40,76.448,24.389,23/06/2023 12:52,A
16,41,79.233,24.389,23/06/2023 12:53,A
16,42,80.329,22.869,23/06/2023 12:53,A
16,43,80.483,22.3,23/06/2023 12:53,A
16,44,80.544,22.106,23/06/2023 12:53,M
16,45,80.088,21.618,23/06/2023 12:53,M
16,46,80.029,20.815,23/06/2023 12:53,M
16,47,80.007,19.947,23/06/2023 12:53,M
16,48,80.02,18.791,23/06/2023 12:53,M
16,49,80.143,18.196,23/06/2023 12:53,M
16,50,80.154,18.081,23/06/2023 12:53,M
16,51,80.238,17.631,23/06/2023 12:53,M
16,52,80.237,17.632,23/06/2023 12:53,M
16,53,80.239,17.632,23/06/2023 12:53,M
16,54,80.357,18.15,23/06/2023 12:53,M
16,55,80.397,18.15,23/06/2023 12:53,M
16,56,80.514,18.09,23/06/2023 12:53,M
16,57,80.57,17.962,23/06/2023 12:53,M
16,58,80.571,17.454,23/06/2023 12:53,M
16,59,80.571,17.035,23/06/2023 12:54,M
16,60,80.558,17.098,23/06/2023 12:54,M
16,61,80.351,17.527,23/06/2023 12:54,M
16,62,80.325,17.865,23/06/2023 12:54,M
16,63,80.038,20.936,23/06/2023 12:54,M
16,64,79.586,28.432,23/06/2023 12:54,A
16,65,77.391,30.686,23/06/2023 12:54,A
16,66,69.475,30.686,23/06/2023 12:54,A
16,67,59.858,30.686,23/06/2023 12:54,A
16,68,47.134,30.686,23/06/2023 12:54,A
16,69,37.586,30.658,23/06/2023 12:54,A
16,70,31.012,25.878,23/06/2023 12:54,A
16,71,27.816,17.157,23/06/2023 12:54,A
16,72,26.225,11.786,23/06/2023 12:54,A
16,73,26.2,8.18,23/06/2023 12:54,A
16,74,26.201,5.739,23/06/2023 12:54,A
16,75,26.2,4.11,23/06/2023 12:54,A
16,76,26.2,4.081,23/06/2023 12:54,M
16,77,26.2,4.081,23/06/2023 12:54,M
16,78,26.201,4.081,23/06/2023 12:55,M
16,79,26.201,4.081,23/06/2023 12:55,A
16,80,26.2,5.623,23/06/2023 12:55,A
16,81,26.2,12.674,23/06/2023 12:55,A
16,82,23.287,16.07,23/06/2023 12:55,A
16,83,18.068,14.259,23/06/2023 12:55,A
16,84,11.359,13.448,23/06/2023 12:55,A
16,85,6.838,10.515,23/06/2023 12:55,A
16,86,4.583,10.209,23/06/2023 12:55,A
16,87,3.915,10.123,23/06/2023 12:55,A
16,88,3.701,6.735,23/06/2023 12:55,A
16,89,3.679,3.614,23/06/2023 12:55,A
16,90,3.696,3.363,23/06/2023 12:55,A
16,91,3.714,3.163,23/06/2023 12:55,A
16,92,3.716,2.81,23/06/2023 12:55,A
16,93,3.714,2.856,23/06/2023 12:55,A
16,94,3.711,3.337,23/06/2023 12:55,A
16,95,3.711,6.233,23/06/2023 12:55,A
16,96,4.397,14.443,23/06/2023 12:55,A
16,97,10.656,21.286,23/06/2023 12:56,A
16,98,21.321,22.781,23/06/2023 12:56,A
16,99,33.313,22.781,23/06/2023 12:56,A
16,100,41.16,22.781,23/06/2023 12:56,A
16,101,46.781,22.781,23/06/2023 12:56,A
16,102,48.919,22.784,23/06/2023 12:56,A
16,103,50.248,20.481,23/06/2023 12:56,A
16,104,50.441,19.899,23/06/2023 12:56,M
16,105,50.457,19.486,23/06/2023 12:56,M
16,106,50.456,18.756,23/06/2023 12:56,M
16,107,50.457,17.659,23/06/2023 12:56,M
16,108,50.457,16.837,23/06/2023 12:56,M
16,109,50.456,15.743,23/06/2023 12:56,M
16,110,50.458,14.802,23/06/2023 12:56,M
16,111,50.457,14.679,23/06/2023 12:56,M
16,112,50.459,14.679,23/06/2023 12:56,M
16,113,50.476,14.679,23/06/2023 12:56,M
16,114,50.541,14.744,23/06/2023 12:56,M
16,115,50.541,14.744,23/06/2023 12:56,M
16,116,50.541,14.468,23/06/2023 12:57,M
16,117,50.542,14.19,23/06/2023 12:57,M
16,118,50.541,14.218,23/06/2023 12:57,M
16,119,50.541,14.684,23/06/2023 12:57,M
16,120,50.541,15.261,23/06/2023 12:57,M
16,121,50.541,16.692,23/06/2023 12:57,M
16,122,50.503,23.046,23/06/2023 12:57,M
16,123,50.418,26.865,23/06/2023 12:57,A
16,124,47.498,27.032,23/06/2023 12:57,A
16,125,40.793,27.032,23/06/2023 12:57,A
16,126,30.793,27.032,23/06/2023 12:57,A
16,127,22.453,27.032,23/06/2023 12:57,A
16,128,16.153,24.433,23/06/2023 12:57,A
16,129,13.18,16.527,23/06/2023 12:57,A
16,130,11.732,11.446,23/06/2023 12:57,A
16,131,11.402,9.706,23/06/2023 12:57,A
16,132,11.319,5.424,23/06/2023 12:57,A
16,133,11.322,3.543,23/06/2023 12:57,A
16,134,11.322,3.322,23/06/2023 12:58,A
16,135,11.319,2.952,23/06/2023 12:58,A
16,136,11.32,2.682,23/06/2023 12:58,A
16,137,11.318,2.798,23/06/2023 12:58,A
16,138,11.317,3.485,23/06/2023 12:58,A
16,139,11.317,7.245,23/06/2023 12:58,A
16,140,12.467,15.88,23/06/2023 12:58,A
16,141,19.242,22.108,23/06/2023 12:58,A
16,142,29.611,22.866,23/06/2023 12:58,A
16,143,40.475,22.866,23/06/2023 12:58,A
16,144,46.983,22.866,23/06/2023 12:58,A
16,145,50.788,22.866,23/06/2023 12:58,A
16,146,52.383,21.547,23/06/2023 12:58,A
16,147,52.897,19.932,23/06/2023 12:58,A
16,148,53.032,19.905,23/06/2023 12:58,M
16,149,53.035,19.298,23/06/2023 12:58,M
16,150,53.034,18.28,23/06/2023 12:58,M
16,151,53.034,16.924,23/06/2023 12:58,M
16,152,53.034,15.582,23/06/2023 12:58,M
16,153,53.034,14.54,23/06/2023 12:59,M
16,154,53.051,14.747,23/06/2023 12:59,M
16,155,53.051,14.819,23/06/2023 12:59,M
16,156,53.051,15.068,23/06/2023 12:59,M
16,157,53.051,15.068,23/06/2023 12:59,M
16,158,53.09,15.071,23/06/2023 12:59,M
16,159,53.098,14.996,23/06/2023 12:59,M
16,160,53.157,14.929,23/06/2023 12:59,M
16,161,53.253,14.929,23/06/2023 12:59,M
16,162,53.252,14.509,23/06/2023 12:59,M
16,163,53.252,14.459,23/06/2023 12:59,M
16,164,53.252,14.459,23/06/2023 12:59,M
16,165,53.223,14.815,23/06/2023 12:59,M
16,166,53.223,15.146,23/06/2023 12:59,M
16,167,53.084,16.213,23/06/2023 12:59,M
16,168,52.62,16.516,23/06/2023 12:59,M
16,169,52.621,16.521,23/06/2023 12:59,M
16,170,52.623,17.094,23/06/2023 12:59,M
16,171,52.621,17.582,23/06/2023 12:59,M
16,172,52.621,17.582,23/06/2023 13:00,M
16,173,52.622,17.582,23/06/2023 13:00,M
16,174,52.663,17.582,23/06/2023 13:00,M
16,175,52.621,17.582,23/06/2023 13:00,M
16,176,52.611,17.582,23/06/2023 13:00,M
16,177,52.652,17.582,23/06/2023 13:00,M
16,178,52.616,17.582,23/06/2023 13:00,M
16,179,52.61,17.582,23/06/2023 13:00,M
16,180,52.638,17.58,23/06/2023 13:00,M
16,181,52.637,17.354,23/06/2023 13:00,M
16,182,52.638,16.845,23/06/2023 13:00,M
16,183,52.636,16.351,23/06/2023 13:00,M
16,184,52.636,16.402,23/06/2023 13:00,M
16,185,52.638,16.402,23/06/2023 13:00,M
16,186,52.636,16.402,23/06/2023 13:00,M
16,187,52.616,17.199,23/06/2023 13:00,M
16,188,52.566,20.786,23/06/2023 13:00,M
16,189,52.567,25.862,23/06/2023 13:00,A
16,190,50.686,26.106,23/06/2023 13:00,A
16,191,44.927,26.106,23/06/2023 13:01,A
16,192,36.28,26.106,23/06/2023 13:01,A
16,193,26.502,26.106,23/06/2023 13:01,A
16,194,16.839,26.106,23/06/2023 13:01,A
16,195,9.861,25.094,23/06/2023 13:01,A
16,196,6.166,17.829,23/06/2023 13:01,A
16,197,4.423,11.941,23/06/2023 13:01,A
16,198,3.896,10.355,23/06/2023 13:01,A
16,199,3.716,6.487,23/06/2023 13:01,A
16,200,3.734,3.596,23/06/2023 13:01,A
16,201,3.733,3.359,23/06/2023 13:01,A
16,202,3.733,3.11,23/06/2023 13:01,A
16,203,3.733,2.819,23/06/2023 13:01,A
17,0,55.812,14.414,23/06/2023 13:02,M
17,1,55.813,15.015,23/06/2023 13:02,M
17,2,55.812,15.929,23/06/2023 13:02,M
17,3,55.798,20.692,23/06/2023 13:03,M
17,4,55.325,24.139,23/06/2023 13:03,A
17,5,51.29,24.135,23/06/2023 13:03,A
17,6,43.358,24.135,23/06/2023 13:03,A
17,7,33.642,24.135,23/06/2023 13:03,A
17,8,25.134,24.135,23/06/2023 13:03,A
17,9,17.848,23.748,23/06/2023 13:03,A
17,10,13.891,19.243,23/06/2023 13:03,A
17,11,12.029,12.899,23/06/2023 13:03,A
17,12,11.463,10.754,23/06/2023 13:03,A
17,13,11.302,7.026,23/06/2023 13:03,A
17,14,11.312,3.736,23/06/2023 13:03,A
17,15,11.317,3.437,23/06/2023 13:03,A
17,16,11.317,3.239,23/06/2023 13:03,A
17,17,11.313,2.693,23/06/2023 13:03,A
17,18,11.315,2.8,23/06/2023 13:03,A
17,19,11.313,3.388,23/06/2023 13:03,A
17,20,11.297,3.494,23/06/2023 13:03,A
17,21,11.296,3.316,23/06/2023 13:03,A
17,22,11.309,3.139,23/06/2023 13:04,A
17,23,11.308,2.679,23/06/2023 13:04,A
18,0,58.331,14.443,23/06/2023 13:05,M
18,1,58.332,14.819,23/06/2023 13:05,M
18,2,58.332,14.819,23/06/2023 13:05,M
18,3,58.332,14.819,23/06/2023 13:05,M
18,4,58.332,14.819,23/06/2023 13:05,M
18,5,58.332,14.819,23/06/2023 13:05,M
18,6,58.085,14.819,23/06/2023 13:05,M
18,7,58.087,15.016,23/06/2023 13:05,M
18,8,58.088,15.07,23/06/2023 13:06,M
18,9,58.087,15.076,23/06/2023 13:06,M
18,10,58.087,15.076,23/06/2023 13:06,M
18,11,58.086,15.076,23/06/2023 13:06,M
18,12,58.088,15.076,23/06/2023 13:06,M
18,13,58.087,15.076,23/06/2023 13:06,M
18,14,58.086,15.076,23/06/2023 13:06,M
18,15,58.087,15.076,23/06/2023 13:06,M
18,16,58.087,15.076,23/06/2023 13:06,M
18,17,58.086,15.076,23/06/2023 13:06,M
18,18,58.087,15.076,23/06/2023 13:06,M
18,19,58.087,15.076,23/06/2023 13:06,M
18,20,58.086,15.076,23/06/2023 13:06,M
18,21,58.087,15.076,23/06/2023 13:06,M
18,22,58.087,15.076,23/06/2023 13:06,M
18,23,58.087,15.214,23/06/2023 13:06,M
18,24,58.088,16.009,23/06/2023 13:06,M
18,25,58.087,16.009,23/06/2023 13:06,M
18,26,58.058,16.182,23/06/2023 13:06,M
18,27,57.709,19.434,23/06/2023 13:07,M
18,28,57.707,19.688,23/06/2023 13:07,M
18,29,57.691,19.688,23/06/2023 13:07,M
18,30,57.691,19.688,23/06/2023 13:07,M
18,31,57.69,19.688,23/06/2023 13:07,M
18,32,57.691,19.688,23/06/2023 13:07,M
18,33,57.691,19.688,23/06/2023 13:07,M
18,34,57.69,19.688,23/06/2023 13:07,M
18,35,57.691,19.688,23/06/2023 13:07,M
18,36,57.691,19.688,23/06/2023 13:07,M
18,37,57.691,19.688,23/06/2023 13:07,M
18,38,57.691,19.688,23/06/2023 13:07,M
18,39,57.69,19.688,23/06/2023 13:07,M
18,40,57.691,19.688,23/06/2023 13:07,M
18,41,57.691,19.688,23/06/2023 13:07,M
18,42,57.69,19.688,23/06/2023 13:07,M
18,43,57.691,19.688,23/06/2023 13:07,M
18,44,57.691,19.688,23/06/2023 13:07,M
18,45,57.69,19.688,23/06/2023 13:07,M
18,46,57.691,19.688,23/06/2023 13:08,M
18,47,57.69,19.688,23/06/2023 13:08,M
18,48,57.69,19.688,23/06/2023 13:08,M
18,49,57.691,19.688,23/06/2023 13:08,M
18,50,57.69,19.688,23/06/2023 13:08,M
18,51,57.69,19.688,23/06/2023 13:08,M
18,52,57.691,19.688,23/06/2023 13:08,M
18,53,57.69,19.688,23/06/2023 13:08,M
18,54,57.69,19.688,23/06/2023 13:08,M
18,55,57.69,19.688,23/06/2023 13:08,M
18,56,57.691,19.688,23/06/2023 13:08,M
18,57,57.69,19.688,23/06/2023 13:08,M
18,58,57.691,19.688,23/06/2023 13:08,M
18,59,57.691,19.688,23/06/2023 13:08,M
18,60,57.69,19.688,23/06/2023 13:08,M
18,61,57.691,19.688,23/06/2023 13:08,M
18,62,57.69,19.688,23/06/2023 13:08,M
18,63,57.69,19.688,23/06/2023 13:08,M
18,64,57.691,19.688,23/06/2023 13:08,M
18,65,57.69,19.688,23/06/2023 13:09,M
18,66,57.69,19.688,23/06/2023 13:09,M
18,67,57.691,19.688,23/06/2023 13:09,M
18,68,57.69,19.688,23/06/2023 13:09,M
18,69,57.431,19.688,23/06/2023 13:09,A
18,70,56.357,19.688,23/06/2023 13:09,A
18,71,55.147,19.688,23/06/2023 13:09,A
18,72,53.965,19.688,23/06/2023 13:09,A
18,73,52.87,19.688,23/06/2023 13:09,A
18,74,50.665,19.688,23/06/2023 13:09,A
18,75,45.354,19.688,23/06/2023 13:09,A
18,76,37.017,19.688,23/06/2023 13:09,A
18,77,27.4,19.688,23/06/2023 13:09,A
18,78,18.925,19.688,23/06/2023 13:09,A
18,79,11.01,19.688,23/06/2023 13:09,A
18,80,6.704,18.289,23/06/2023 13:09,A
18,81,4.486,11.783,23/06/2023 13:09,A
18,82,3.905,10.404,23/06/2023 13:09,A
18,83,3.715,6.901,23/06/2023 13:10,A
18,84,3.735,3.666,23/06/2023 13:10,A
18,85,3.737,3.495,23/06/2023 13:10,A
18,86,3.737,3.363,23/06/2023 13:10,A
18,87,3.751,3.224,23/06/2023 13:10,A
18,88,3.752,3.075,23/06/2023 13:10,A
18,89,3.751,2.985,23/06/2023 13:10,A
19,0,60.655,14.429,23/06/2023 13:15,M
19,1,60.655,15.08,23/06/2023 13:15,M
19,2,60.655,15.078,23/06/2023 13:15,M
19,3,60.655,15.668,23/06/2023 13:15,M
19,4,60.453,18.56,23/06/2023 13:15,M
19,5,60.167,24.846,23/06/2023 13:15,M
19,6,59.647,27.461,23/06/2023 13:15,A
19,7,54.575,27.461,23/06/2023 13:16,A
19,8,45.763,27.461,23/06/2023 13:16,A
19,9,37.888,27.461,23/06/2023 13:16,A
19,10,28.923,27.461,23/06/2023 13:16,A
19,11,18.792,27.461,23/06/2023 13:16,A
19,12,11.118,26.83,23/06/2023 13:16,A
19,13,6.543,19.41,23/06/2023 13:16,A
19,14,4.6,12.797,23/06/2023 13:16,A
19,15,3.892,10.725,23/06/2023 13:16,A
19,16,3.749,7.271,23/06/2023 13:16,A
19,17,3.766,3.753,23/06/2023 13:16,A
19,18,3.77,3.386,23/06/2023 13:16,A
19,19,3.77,3.112,23/06/2023 13:16,A
19,20,3.768,2.8,23/06/2023 13:16,A
20,0,63.085,14.284,23/06/2023 13:17,M
20,1,63.085,14.682,23/06/2023 13:17,M
20,2,63.085,16.074,23/06/2023 13:17,M
20,3,62.832,21.762,23/06/2023 13:18,A
20,4,62.098,25.012,23/06/2023 13:18,A
20,5,57.085,25.009,23/06/2023 13:18,A
20,6,48.011,25.009,23/06/2023 13:18,A
20,7,38.731,25.009,23/06/2023 13:18,A
20,8,30.726,25.009,23/06/2023 13:18,A
20,9,22.014,25.009,23/06/2023 13:18,A
20,10,15.839,22.838,23/06/2023 13:18,A
20,11,12.97,15.435,23/06/2023 13:18,A
20,12,11.62,10.956,23/06/2023 13:18,A
20,13,11.361,9.642,23/06/2023 13:18,A
20,14,11.326,5.334,23/06/2023 13:18,A
20,15,11.347,3.373,23/06/2023 13:18,A
20,16,11.349,3.175,23/06/2023 13:18,A
20,17,11.349,2.769,23/06/2023 13:18,A
21,0,65.595,14.177,23/06/2023 13:20,M
21,1,65.53,14.899,23/06/2023 13:20,M
21,2,65.53,15.771,23/06/2023 13:20,M
21,3,65.53,15.771,23/06/2023 13:20,M
21,4,65.53,15.771,23/06/2023 13:20,M
21,5,65.53,16.075,23/06/2023 13:20,M
21,6,65.442,20.844,23/06/2023 13:20,M
21,7,64.686,22.684,23/06/2023 13:20,A
21,8,58.798,22.682,23/06/2023 13:20,A
21,9,48.96,22.682,23/06/2023 13:20,A
21,10,38.207,22.682,23/06/2023 13:20,A
21,11,28.729,22.682,23/06/2023 13:20,A
21,12,21.809,22.682,23/06/2023 13:20,A
21,13,16.652,22.238,23/06/2023 13:20,A
21,14,13.371,16.359,23/06/2023 13:20,A
21,15,11.825,11.352,23/06/2023 13:20,A
21,16,11.441,10.323,23/06/2023 13:20,A
21,17,11.344,6.575,23/06/2023 13:20,A
21,18,11.34,3.693,23/06/2023 13:20,A
21,19,11.344,3.319,23/06/2023 13:21,A
21,20,11.342,3.084,23/06/2023 13:21,A
21,21,11.34,2.698,23/06/2023 13:21,A
22,0,68.244,14.306,23/06/2023 13:22,M
22,1,68.228,14.868,23/06/2023 13:22,M
22,2,68.172,17.861,23/06/2023 13:22,M
22,3,67.938,23.543,23/06/2023 13:22,A
22,4,65.952,24.953,23/06/2023 13:22,A
22,5,59.688,24.953,23/06/2023 13:22,A
22,6,48.587,24.953,23/06/2023 13:22,A
22,7,39.515,24.953,23/06/2023 13:22,A
22,8,29.1,24.953,23/06/2023 13:22,A
22,9,18.919,24.953,23/06/2023 13:22,A
22,10,12.299,24.954,23/06/2023 13:22,A
22,11,9.276,23.796,23/06/2023 13:22,A
22,12,4.929,13.567,23/06/2023 13:22,A
22,13,3.974,10.658,23/06/2023 13:22,A
22,14,3.773,8.866,23/06/2023 13:22,A
22,15,3.812,4.712,23/06/2023 13:22,A
22,16,3.808,3.503,23/06/2023 13:22,A
22,17,3.809,3.392,23/06/2023 13:23,A
22,18,3.795,3.257,23/06/2023 13:23,A
22,19,3.78,3.118,23/06/2023 13:23,A
22,20,3.781,2.999,23/06/2023 13:23,A
23,0,70.525,14.418,23/06/2023 13:24,M
23,1,70.525,14.882,23/06/2023 13:24,M
23,2,70.506,18.324,23/06/2023 13:24,M
23,3,70.231,23.325,23/06/2023 13:24,A
23,4,66.952,23.493,23/06/2023 13:25,A
23,5,58.138,23.493,23/06/2023 13:25,A
23,6,48.166,23.493,23/06/2023 13:25,A
23,7,37.427,23.493,23/06/2023 13:25,A
23,8,28.387,23.493,23/06/2023 13:25,A
23,9,21.41,23.493,23/06/2023 13:25,A
23,10,15.682,21.941,23/06/2023 13:25,A
23,11,13.249,16,23/06/2023 13:25,A
23,12,11.773,11.227,23/06/2023 13:25,A
23,13,11.399,9.813,23/06/2023 13:25,A
23,14,11.373,5.598,23/06/2023 13:25,A
23,15,11.375,3.44,23/06/2023 13:25,A
23,16,11.373,3.329,23/06/2023 13:25,A
23,17,11.372,3.221,23/06/2023 13:25,A
23,18,11.368,3.106,23/06/2023 13:25,A
23,19,11.356,2.957,23/06/2023 13:25,A
23,20,11.357,2.845,23/06/2023 13:25,A
24,0,73.109,14.311,23/06/2023 13:27,M
24,1,73.11,14.827,23/06/2023 13:27,M
24,2,73.109,16.733,23/06/2023 13:27,M
24,3,72.877,22.817,23/06/2023 13:27,A
24,4,71.27,24.724,23/06/2023 13:27,A
24,5,64.095,24.724,23/06/2023 13:27,A
24,6,52.623,24.724,23/06/2023 13:27,A
24,7,41.444,24.724,23/06/2023 13:27,A
24,8,30.518,24.724,23/06/2023 13:27,A
24,9,20.317,24.724,23/06/2023 13:27,A
24,10,12.088,24.725,23/06/2023 13:27,A
24,11,7.109,20.768,23/06/2023 13:27,A
24,12,4.739,13.355,23/06/2023 13:27,A
24,13,3.709,10.846,23/06/2023 13:27,A
24,14,3.769,7.359,23/06/2023 13:28,A
24,15,3.769,3.798,23/06/2023 13:28,A
24,16,3.769,3.351,23/06/2023 13:28,A
24,17,3.769,2.953,23/06/2023 13:28,A
24,18,3.768,2.821,23/06/2023 13:28,A
24,19,3.764,3.31,23/06/2023 13:28,A
24,20,3.748,3.606,23/06/2023 13:28,A
24,21,3.752,3.433,23/06/2023 13:28,A
24,22,3.756,3.259,23/06/2023 13:28,A
24,23,3.755,2.864,23/06/2023 13:28,A
24,24,3.752,2.905,23/06/2023 13:28,A
24,25,3.752,3.505,23/06/2023 13:28,A
24,26,3.752,3.527,23/06/2023 13:28,A
24,27,3.76,3.33,23/06/2023 13:28,A
24,28,3.762,3.112,23/06/2023 13:28,A
24,29,3.758,3.079,23/06/2023 13:28,M
24,30,3.715,3.079,23/06/2023 13:28,M
24,31,3.685,3.236,23/06/2023 13:28,M
24,32,3.682,2.662,23/06/2023 13:28,M
24,33,3.683,2.519,23/06/2023 13:28,M
24,34,3.682,2.519,23/06/2023 13:29,M
24,35,3.681,2.519,23/06/2023 13:29,M
24,36,3.682,2.519,23/06/2023 13:29,M
24,37,3.682,2.519,23/06/2023 13:29,M
24,38,3.682,2.519,23/06/2023 13:29,M
24,39,3.682,2.519,23/06/2023 13:29,M
24,40,3.682,2.519,23/06/2023 13:29,M
24,41,3.682,2.519,23/06/2023 13:29,M
24,42,3.682,2.519,23/06/2023 13:29,M
24,43,3.682,2.519,23/06/2023 13:29,M
24,44,3.682,2.519,23/06/2023 13:29,M
24,45,3.682,2.519,23/06/2023 13:29,M
24,46,3.682,2.519,23/06/2023 13:29,M
24,47,3.682,2.519,23/06/2023 13:29,M
24,48,3.682,2.562,23/06/2023 13:29,M
24,49,3.682,3.038,23/06/2023 13:29,M
24,50,3.682,4.581,23/06/2023 13:29,M
24,51,3.681,11.332,23/06/2023 13:29,M
24,52,3.681,14.634,23/06/2023 13:29,M
24,53,3.682,14.785,23/06/2023 13:30,M
24,54,3.684,17.156,23/06/2023 13:30,M
24,55,3.681,17.154,23/06/2023 13:30,M
24,56,3.682,17.154,23/06/2023 13:30,M
24,57,3.682,19.854,23/06/2023 13:30,M
24,58,3.773,28.055,23/06/2023 13:30,M
24,59,4.034,31.819,23/06/2023 13:30,M
24,60,4.9,30.892,23/06/2023 13:30,M
24,61,6.296,30.798,23/06/2023 13:30,M
24,62,8.231,30.798,23/06/2023 13:30,M
24,63,11.524,30.798,23/06/2023 13:30,M
24,64,14.952,30.703,23/06/2023 13:30,M
24,65,19.877,30.027,23/06/2023 13:30,M
24,66,23.897,29.265,23/06/2023 13:30,M
24,67,26.873,28.47,23/06/2023 13:30,M
24,68,28.299,28.12,23/06/2023 13:30,A
24,69,28.441,24.106,23/06/2023 13:30,A
24,70,26.894,16.313,23/06/2023 13:30,A
24,71,22.593,13.046,23/06/2023 13:30,A
24,72,16.278,15.263,23/06/2023 13:30,A
24,73,10.153,14.819,23/06/2023 13:31,A
24,74,6.812,11.319,23/06/2023 13:31,A
24,75,4.667,10.216,23/06/2023 13:31,A
24,76,3.908,10.177,23/06/2023 13:31,A
24,77,3.714,7.049,23/06/2023 13:31,A
24,78,3.733,3.709,23/06/2023 13:31,A
24,79,3.733,3.386,23/06/2023 13:31,A
24,80,3.733,3.144,23/06/2023 13:31,A
24,81,3.743,2.799,23/06/2023 13:31,A
24,82,3.742,3.084,23/06/2023 13:31,A
24,83,3.741,3.622,23/06/2023 13:31,A
24,84,3.726,3.474,23/06/2023 13:31,A
24,85,3.742,3.295,23/06/2023 13:31,A
24,86,3.743,3.098,23/06/2023 13:31,A
24,87,3.741,2.823,23/06/2023 13:31,A
24,88,3.738,3.03,23/06/2023 13:31,A
24,89,3.739,3.613,23/06/2023 13:31,A
24,90,3.754,3.526,23/06/2023 13:31,A
24,91,3.751,3.372,23/06/2023 13:31,A
24,92,3.752,3.226,23/06/2023 13:31,A
24,93,3.75,2.806,23/06/2023 13:32,A
24,94,3.752,2.869,23/06/2023 13:32,A
24,95,3.75,3.264,23/06/2023 13:32,M
24,96,3.75,3.296,23/06/2023 13:32,M
24,97,3.747,3.213,23/06/2023 13:32,M
24,98,3.728,2.677,23/06/2023 13:32,M
24,99,3.73,2.677,23/06/2023 13:32,M
24,100,3.715,2.68,23/06/2023 13:32,M
24,101,3.713,3.011,23/06/2023 13:32,M
24,102,3.712,3.264,23/06/2023 13:32,M
24,103,3.715,3.052,23/06/2023 13:32,M
24,104,3.713,2.565,23/06/2023 13:32,M
24,105,3.714,2.565,23/06/2023 13:32,M
25,0,75.626,14.313,23/06/2023 13:34,M
25,1,75.626,14.766,23/06/2023 13:34,M
25,2,75.518,19.056,23/06/2023 13:34,M
25,3,75.293,25.9,23/06/2023 13:34,A
25,4,71.647,26.926,23/06/2023 13:34,A
25,5,61.935,26.926,23/06/2023 13:34,A
25,6,49.87,26.926,23/06/2023 13:34,A
25,7,41.644,26.926,23/06/2023 13:34,A
25,8,32.616,26.926,23/06/2023 13:34,A
25,9,24.582,26.926,23/06/2023 13:34,A
25,10,17.503,25.515,23/06/2023 13:34,A
25,11,13.839,18.269,23/06/2023 13:34,A
25,12,11.984,12.247,23/06/2023 13:34,A
25,13,11.476,10.078,23/06/2023 13:34,A
25,14,11.344,6.048,23/06/2023 13:34,A
25,15,11.344,3.436,23/06/2023 13:34,A
25,16,11.347,3.218,23/06/2023 13:35,A
25,17,11.345,2.882,23/06/2023 13:35,A
25,18,11.344,2.687,23/06/2023 13:35,A
26,0,78.227,14.36,23/06/2023 13:36,M
26,1,78.226,14.814,23/06/2023 13:36,M
26,2,78.204,17.116,23/06/2023 13:36,M
26,3,77.885,23.941,23/06/2023 13:36,A
26,4,76.847,25.865,23/06/2023 13:36,A
26,5,69.775,25.863,23/06/2023 13:36,A
26,6,60.422,25.863,23/06/2023 13:36,A
26,7,48.501,25.863,23/06/2023 13:36,A
26,8,39.585,25.863,23/06/2023 13:36,A
26,9,32.372,25.863,23/06/2023 13:36,A
26,10,24.969,25.863,23/06/2023 13:36,A
26,11,16.967,25.863,23/06/2023 13:36,A
26,12,10.937,25.017,23/06/2023 13:36,A
26,13,6.574,19.304,23/06/2023 13:36,A
26,14,4.584,12.612,23/06/2023 13:36,A
26,15,3.926,10.56,23/06/2023 13:37,A
26,16,3.721,7.175,23/06/2023 13:37,A
26,17,3.775,3.746,23/06/2023 13:37,A
26,18,3.779,3.404,23/06/2023 13:37,A
26,19,3.779,3.217,23/06/2023 13:37,A
26,20,3.778,2.813,23/06/2023 13:37,A
27,0,80.82,14.259,23/06/2023 13:39,M
27,1,80.82,14.86,23/06/2023 13:39,M
27,2,80.749,15.697,23/06/2023 13:39,M
27,3,80.096,17.177,23/06/2023 13:39,M
27,4,79.731,22.506,23/06/2023 13:39,M
27,5,78.338,24.22,23/06/2023 13:39,A
27,6,72.989,24.22,23/06/2023 13:39,A
27,7,61.758,24.22,23/06/2023 13:39,A
27,8,50.158,24.22,23/06/2023 13:39,A
27,9,40.493,24.22,23/06/2023 13:39,A
27,10,32.632,24.148,23/06/2023 13:39,A
27,11,28.547,18.633,23/06/2023 13:39,A
27,12,26.414,12.735,23/06/2023 13:39,A
27,13,25.892,11.76,23/06/2023 13:39,M
27,14,25.657,16.763,23/06/2023 13:39,M
27,15,25.577,22.637,23/06/2023 13:39,M
27,16,24.783,23.079,23/06/2023 13:39,M
27,17,23.495,23.079,23/06/2023 13:39,M
27,18,21.23,23.079,23/06/2023 13:40,M
27,19,17.589,23.079,23/06/2023 13:40,M
27,20,13.854,23.079,23/06/2023 13:40,M
27,21,11.317,22.491,23/06/2023 13:40,M
27,22,10.415,20.977,23/06/2023 13:40,M
27,23,10.384,17.343,23/06/2023 13:40,M
27,24,10.478,12.067,23/06/2023 13:40,M
27,25,10.606,8.1,23/06/2023 13:40,M
27,26,10.62,7.264,23/06/2023 13:40,M
27,27,11.265,6.145,23/06/2023 13:40,M
27,28,11.394,5.167,23/06/2023 13:40,M
27,29,11.678,4.771,23/06/2023 13:40,M
27,30,11.675,3.814,23/06/2023 13:40,M
27,31,11.621,2.91,23/06/2023 13:40,M
27,32,11.621,3.152,23/06/2023 13:40,M
27,33,11.621,3.223,23/06/2023 13:40,M
27,34,11.249,3.223,23/06/2023 13:40,M
27,35,11.157,3.158,23/06/2023 13:40,M
27,36,11.154,2.998,23/06/2023 13:40,M
27,37,11.086,2.998,23/06/2023 13:41,M
27,38,11.086,2.455,23/06/2023 13:41,M
28,0,77.741,11.787,23/06/2023 13:54,M
28,1,77.741,11.321,23/06/2023 13:54,M
28,2,77.739,10.896,23/06/2023 13:54,M
28,3,77.741,10.896,23/06/2023 13:54,M
28,4,77.741,10.896,23/06/2023 13:54,M
28,5,77.739,10.896,23/06/2023 13:54,M
28,6,77.739,10.896,23/06/2023 13:54,M
28,7,77.74,10.896,23/06/2023 13:54,M
28,8,77.74,10.896,23/06/2023 13:54,M
28,9,77.74,10.939,23/06/2023 13:54,M
28,10,77.74,11.096,23/06/2023 13:54,M
28,11,77.74,11.097,23/06/2023 13:54,M
28,12,77.74,11.096,23/06/2023 13:54,M
28,13,77.74,11.096,23/06/2023 13:54,M
28,14,77.738,11.583,23/06/2023 13:54,M
28,15,77.739,12.571,23/06/2023 13:54,M
28,16,77.739,12.957,23/06/2023 13:54,M
28,17,77.741,12.957,23/06/2023 13:55,M
28,18,77.741,12.957,23/06/2023 13:55,M
28,19,77.739,12.957,23/06/2023 13:55,M
28,20,77.74,12.957,23/06/2023 13:55,M
28,21,77.74,12.957,23/06/2023 13:55,M
28,22,77.74,12.957,23/06/2023 13:55,M
28,23,77.74,12.957,23/06/2023 13:55,M
28,24,77.74,12.957,23/06/2023 13:55,M
28,25,77.74,12.957,23/06/2023 13:55,M
28,26,77.74,12.957,23/06/2023 13:55,M
28,27,77.74,12.957,23/06/2023 13:55,M
28,28,77.74,12.957,23/06/2023 13:55,M
28,29,77.74,12.957,23/06/2023 13:55,M
28,30,77.739,12.957,23/06/2023 13:55,M
28,31,77.74,12.957,23/06/2023 13:55,M
29,0,75.444,11.068,23/06/2023 13:57,M
29,1,75.441,11.008,23/06/2023 13:57,M
29,2,75.441,11.104,23/06/2023 13:57,M
29,3,75.441,11.276,23/06/2023 13:57,M
29,4,75.444,11.537,23/06/2023 13:57,M
29,5,75.441,11.5,23/06/2023 13:57,M
29,6,75.442,11.5,23/06/2023 13:57,M
29,7,75.442,11.688,23/06/2023 13:57,M
29,8,75.441,11.438,23/06/2023 13:57,M
29,9,75.442,11.514,23/06/2023 13:57,M
29,10,75.444,11.64,23/06/2023 13:57,M
29,11,75.441,11.64,23/06/2023 13:57,M
29,12,75.456,11.642,23/06/2023 13:57,M
29,13,75.457,11.642,23/06/2023 13:57,M
29,14,75.457,11.642,23/06/2023 13:57,M
29,15,75.457,11.642,23/06/2023 13:57,M
29,16,75.457,11.62,23/06/2023 13:58,M
29,17,75.457,11.557,23/06/2023 13:58,M
1,0,75.565,20.281,23/06/2023 12:00:57,M
1,1,75.565,20.436,23/06/2023 12:00:59,M
1,2,75.554,20.809,23/06/2023 12:01:02,M
1,3,75.554,20.862,23/06/2023 12:01:05,M
1,4,75.555,20.862,23/06/2023 12:01:07,M
1,5,75.554,20.862,23/06/2023 12:01:10,M
1,6,75.555,20.862,23/06/2023 12:01:12,M
1,7,75.555,20.866,23/06/2023 12:01:15,M
1,8,75.554,21.483,23/06/2023 12:01:18,M
1,9,75.5,27.408,23/06/2023 12:01:20,M
1,10,75.417,30.831,23/06/2023 12:01:23,A
1,11,73.667,31.277,23/06/2023 12:01:26,A
1,12,67.488,31.278,23/06/2023 12:01:28,A
1,13,58.182,31.278,23/06/2023 12:01:31,A
1,14,48.686,31.278,23/06/2023 12:01:33,A
1,15,40.448,31.282,23/06/2023 12:01:36,A
1,16,35.049,28.794,23/06/2023 12:01:39,A
1,17,30.344,23.153,23/06/2023 12:01:41,A
1,18,27.492,15.122,23/06/2023 12:01:44,A
1,19,26.243,12.044,23/06/2023 12:01:47,A
1,20,25.991,10.16,23/06/2023 12:01:49,A
1,21,25.99,7.689,23/06/2023 12:01:52,A
1,22,25.991,6.007,23/06/2023 12:01:55,A
1,23,25.991,4.376,23/06/2023 12:01:57,A
1,24,25.991,4.079,23/06/2023 12:02:00,M
1,25,25.99,4.079,23/06/2023 12:02:02,M
1,26,25.99,4.079,23/06/2023 12:02:05,M
1,27,25.991,4.079,23/06/2023 12:02:08,M
1,28,25.991,4.079,23/06/2023 12:02:10,M
1,29,25.99,4.355,23/06/2023 12:02:13,A
1,30,25.99,7.962,23/06/2023 12:02:16,A
1,31,25.987,13.302,23/06/2023 12:02:18,A
1,32,24.616,15.984,23/06/2023 12:02:21,A
1,33,21.991,14.683,23/06/2023 12:02:24,A
1,34,18.602,13.959,23/06/2023 12:02:26,A
1,35,15.146,13.953,23/06/2023 12:02:29,A
1,36,13.16,13.643,23/06/2023 12:02:32,A
1,37,12.089,10.854,23/06/2023 12:02:34,A
1,38,11.623,10.37,23/06/2023 12:02:37,A
1,39,11.415,8.492,23/06/2023 12:02:40,A
1,40,11.307,4.968,23/06/2023 12:02:42,A
1,41,11.309,3.545,23/06/2023 12:02:45,A
1,42,11.31,3.357,23/06/2023 12:02:47,A
1,43,11.309,3.192,23/06/2023 12:02:50,A
1,44,11.324,2.768,23/06/2023 12:02:52,A
1,0,75.565,20.281,23/06/2023 12:00:57,M
1,1,75.565,20.436,23/06/2023 12:01:00,M
1,2,75.554,20.865,23/06/2023 12:01:02,M
1,3,75.555,20.862,23/06/2023 12:01:05,M
1,4,75.554,20.862,23/06/2023 12:01:10,M
1,5,75.554,22.06,23/06/2023 12:01:18,M
1,6,73.667,31.277,23/06/2023 12:01:26,A
1,7,45.429,31.278,23/06/2023 12:01:34,A
1,8,28.222,17.228,23/06/2023 12:01:43,A
1,9,25.991,7.287,23/06/2023 12:01:53,A
1,10,25.99,4.079,23/06/2023 12:02:03,M
1,11,25.99,4.355,23/06/2023 12:02:13,A
1,12,21.991,14.683,23/06/2023 12:02:23,A
1,13,12.089,10.854,23/06/2023 12:02:34,A
1,14,11.309,3.508,23/06/2023 12:02:45,A
1,0,75.565,20.281,23/06/2023 12:00:57,M
1,1,75.565,20.436,23/06/2023 12:01:00,M
1,2,75.554,20.865,23/06/2023 12:01:02,M
1,3,75.555,20.862,23/06/2023 12:01:05,M
1,4,75.554,20.862,23/06/2023 12:01:08,M
1,5,75.554,20.862,23/06/2023 12:01:11,M
1,6,75.555,20.862,23/06/2023 12:01:14,M
1,7,75.554,21.074,23/06/2023 12:01:17,M
1,8,75.546,24.987,23/06/2023 12:01:20,M
1,9,75.416,30.374,23/06/2023 12:01:22,A
1,10,73.667,31.277,23/06/2023 12:01:25,A
1,11,67.488,31.278,23/06/2023 12:01:28,A
1,12,58.182,31.278,23/06/2023 12:01:31,A
1,13,47.08,31.278,23/06/2023 12:01:34,A
1,14,38.938,30.944,23/06/2023 12:01:37,A
1,15,31.974,26.136,23/06/2023 12:01:40,A
1,16,28.635,18.811,23/06/2023 12:01:43,A
1,17,26.826,13.5,23/06/2023 12:01:45,A
1,18,25.979,11.38,23/06/2023 12:01:48,A
1,19,25.991,8.516,23/06/2023 12:01:51,A
1,20,25.991,6.343,23/06/2023 12:01:54,A
1,21,25.991,4.595,23/06/2023 12:01:57,A
1,22,25.991,4.079,23/06/2023 12:01:59,M
1,23,25.99,4.079,23/06/2023 12:02:02,M
1,24,25.99,4.079,23/06/2023 12:02:05,M
1,25,25.991,4.079,23/06/2023 12:02:07,M
1,26,25.991,4.079,23/06/2023 12:02:10,M
1,27,25.99,4.355,23/06/2023 12:02:13,A
1,28,25.99,8.999,23/06/2023 12:02:16,A
1,29,25.834,14.168,23/06/2023 12:02:19,A
1,30,23.727,15.916,23/06/2023 12:02:22,A
1,31,20.103,14.119,23/06/2023 12:02:25,A
1,32,16.45,13.953,23/06/2023 12:02:28,A
1,33,13.435,13.901,23/06/2023 12:02:31,A
1,34,12.241,11.298,23/06/2023 12:02:34,A
1,35,11.659,10.37,23/06/2023 12:02:36,A
1,36,11.452,8.492,23/06/2023 12:02:39,A
1,37,11.307,4.968,23/06/2023 12:02:42,A
1,38,11.309,3.545,23/06/2023 12:02:45,A
1,39,11.309,3.325,23/06/2023 12:02:48,A
1,40,11.327,3.034,23/06/2023 12:02:51,A
1,41,11.322,2.688,23/06/2023 12:02:54,A
2,0,78.239,20.208,23/06/2023 12:04:29,M
2,1,77.831,22.32,23/06/2023 12:04:38,M
2,2,71.205,25.564,23/06/2023 12:04:48,A
2,3,41.149,25.564,23/06/2023 12:04:57,A
2,4,26.755,13.569,23/06/2023 12:05:07,A
2,5,25.975,5.73,23/06/2023 12:05:17,A
2,6,25.976,4.069,23/06/2023 12:05:26,M
2,7,25.976,4.069,23/06/2023 12:05:36,A
2,8,24.185,21.673,23/06/2023 12:05:45,A
2,9,7.638,20.782,23/06/2023 12:05:55,A
2,10,3.698,8.076,23/06/2023 12:06:04,A
2,11,3.738,3.122,23/06/2023 12:06:15,A
2,12,3.738,3.661,23/06/2023 12:06:25,A
2,13,3.753,3.018,23/06/2023 12:06:34,A
2,14,3.771,3.595,23/06/2023 12:06:44,A
2,15,3.769,2.822,23/06/2023 12:06:54,A
2,16,3.769,3.341,23/06/2023 12:07:04,A
1,0,75.565,20.281,23/06/2023 12:00:57,M
1,1,75.555,20.862,23/06/2023 12:01:05,M
1,2,75.555,20.862,23/06/2023 12:01:15,M
1,3,74.898,31.278,23/06/2023 12:01:24,A
1,4,47.08,31.278,23/06/2023 12:01:34,A
1,5,27.492,15.122,23/06/2023 12:01:44,A
1,6,25.991,6.007,23/06/2023 12:01:54,A
1,7,25.99,4.079,23/06/2023 12:02:04,M
1,8,25.99,4.796,23/06/2023 12:02:14,A
1,9,21.42,14.351,23/06/2023 12:02:24,A
1,10,11.958,10.579,23/06/2023 12:02:35,A
1,11,11.309,3.545,23/06/2023 12:02:45,A
1,0,75.565,20.281,23/06/2023 12:00:57,M
1,1,75.555,20.862,23/06/2023 12:01:05,M
1,2,75.555,20.862,23/06/2023 12:01:13,M
1,3,75.419,29.658,23/06/2023 12:01:22,M
1,4,56.229,31.278,23/06/2023 12:01:31,A
1,5,29.69,21.547,23/06/2023 12:01:41,A
1,6,25.99,7.689,23/06/2023 12:01:52,A
1,7,25.99,4.079,23/06/2023 12:02:03,M
1,8,25.99,5.438,23/06/2023 12:02:14,A
1,9,21.42,14.351,23/06/2023 12:02:24,A
1,10,11.958,10.579,23/06/2023 12:02:35,A
1,11,11.309,3.508,23/06/2023 12:02:45,A
1,0,75.565,20.281,23/06/2023 12:00:57,M
1,1,75.565,20.436,23/06/2023 12:01:00,M
1,2,75.554,20.865,23/06/2023 12:01:02,M
1,3,75.555,20.862,23/06/2023 12:01:05,M
1,4,75.554,20.862,23/06/2023 12:01:08,M
1,5,75.554,20.862,23/06/2023 12:01:11,M
1,6,75.555,20.862,23/06/2023 12:01:14,M
1,7,75.554,20.896,23/06/2023 12:01:17,M
1,8,75.554,23.593,23/06/2023 12:01:19,M
1,9,75.419,29.658,23/06/2023 12:01:22,M
1,10,74.898,31.278,23/06/2023 12:01:25,A
1,11,70.456,31.278,23/06/2023 12:01:27,A
1,12,60.165,31.278,23/06/2023 12:01:30,A
1,13,50.457,31.278,23/06/2023 12:01:33,A
1,14,40.448,31.282,23/06/2023 12:01:36,A
1,15,33.919,28.794,23/06/2023 12:01:39,A
1,16,29.13,20.032,23/06/2023 12:01:42,A
1,17,27.146,14.301,23/06/2023 12:01:45,A
1,18,25.979,11.38,23/06/2023 12:01:48,A
1,19,25.99,9.004,23/06/2023 12:01:51,A
1,20,25.99,6.343,23/06/2023 12:01:54,A
1,21,25.991,4.595,23/06/2023 12:01:57,A
1,22,25.991,4.079,23/06/2023 12:02:00,M
1,23,25.99,4.079,23/06/2023 12:02:03,M
1,24,25.99,4.079,23/06/2023 12:02:06,M
1,25,25.991,4.079,23/06/2023 12:02:09,M
1,26,25.991,4.079,23/06/2023 12:02:11,A
1,27,25.99,5.438,23/06/2023 12:02:14,A
1,28,25.99,10.053,23/06/2023 12:02:17,A
1,29,25.604,14.92,23/06/2023 12:02:20,A
1,30,23.131,15.635,23/06/2023 12:02:23,A
1,31,20.103,14.119,23/06/2023 12:02:25,A
1,32,16.45,13.953,23/06/2023 12:02:28,A
1,33,11.623,10.37,23/06/2023 12:02:37,A
1,34,11.31,3.436,23/06/2023 12:02:46,A
1,0,75.565,20.281,23/06/2023 12:00:57,M
1,1,75.565,20.436,23/06/2023 12:00:59,M
1,2,75.554,20.809,23/06/2023 12:01:02,M
1,3,75.555,20.862,23/06/2023 12:01:05,M
1,4,75.555,20.862,23/06/2023 12:01:08,M
1,5,75.554,20.862,23/06/2023 12:01:10,M
1,6,75.555,20.862,23/06/2023 12:01:13,M
1,7,75.555,20.866,23/06/2023 12:01:16,M
1,8,75.554,22.78,23/06/2023 12:01:19,M
1,9,75.419,28.379,23/06/2023 12:01:21,M
1,10,75.267,31.279,23/06/2023 12:01:24,A
1,11,71.748,31.278,23/06/2023 12:01:26,A
1,12,65.776,31.278,23/06/2023 12:01:29,A
1,13,54.061,31.278,23/06/2023 12:01:32,A
1,14,45.429,31.278,23/06/2023 12:01:34,A
1,15,38.938,31.199,23/06/2023 12:01:37,A
1,16,32.928,27.588,23/06/2023 12:01:39,A
1,17,29.13,20.032,23/06/2023 12:01:42,A
1,18,27.146,14.301,23/06/2023 12:01:45,A
1,19,26.243,12.044,23/06/2023 12:01:47,A
1,20,25.991,10.16,23/06/2023 12:01:50,A
1,21,25.99,7.689,23/06/2023 12:01:52,A
1,22,25.991,5.612,23/06/2023 12:01:55,A
1,23,25.991,4.376,23/06/2023 12:01:57,A
1,24,25.991,4.079,23/06/2023 12:02:00,M
1,25,25.99,4.079,23/06/2023 12:02:02,M
1,26,25.99,4.079,23/06/2023 12:02:04,M
1,27,25.991,4.079,23/06/2023 12:02:07,M
1,28,25.991,4.079,23/06/2023 12:02:09,M
1,29,25.991,4.079,23/06/2023 12:02:11,A
1,30,25.99,4.796,23/06/2023 12:02:14,A
1,31,25.99,8.999,23/06/2023 12:02:16,A
1,32,25.987,13.302,23/06/2023 12:02:18,A
1,33,25.001,15.821,23/06/2023 12:02:20,A
1,34,23.131,15.176,23/06/2023 12:02:23,A
1,35,20.103,14.119,23/06/2023 12:02:25,A
1,36,16.45,13.953,23/06/2023 12:02:28,A
1,37,14.171,13.953,23/06/2023 12:02:30,A
1,38,12.635,12.534,23/06/2023 12:02:32,A
1,39,11.958,10.452,23/06/2023 12:02:35,A
1,40,11.58,10.304,23/06/2023 12:02:38,A
1,41,11.378,7.754,23/06/2023 12:02:40,A
1,42,11.309,4.019,23/06/2023 12:02:43,A
1,43,11.31,3.471,23/06/2023 12:02:46,A
1,44,11.311,3.27,23/06/2023 12:02:48,A
1,45,11.327,3.034,23/06/2023 12:02:51,A
1,46,11.322,2.688,23/06/2023 12:02:53,A
1,0,75.565,20.281,23/06/2023 12:00:57,M
1,1,75.565,20.436,23/06/2023 12:00:59,M
1,2,75.554,20.809,23/06/2023 12:01:02,M
1,3,75.554,20.862,23/06/2023 12:01:05,M
1,4,75.555,20.862,23/06/2023 12:01:07,M
1,5,75.554,20.862,23/06/2023 12:01:10,M
1,6,75.555,20.862,23/06/2023 12:01:13,M
1,7,75.555,20.866,23/06/2023 12:01:15,M
1,8,75.554,22.06,23/06/2023 12:01:18,M
1,9,75.43,27.408,23/06/2023 12:01:21,M
1,10,75.411,31.154,23/06/2023 12:01:24,A
1,11,72.771,31.278,23/06/2023 12:01:26,A
1,12,65.776,31.278,23/06/2023 12:01:29,A
1,13,56.229,31.278,23/06/2023 12:01:32,A
1,14,47.08,31.278,23/06/2023 12:01:34,A
1,15,38.938,31.199,23/06/2023 12:01:37,A
1,16,32.928,27.588,23/06/2023 12:01:40,A
1,17,29.13,18.811,23/06/2023 12:01:42,A
1,18,26.826,13.5,23/06/2023 12:01:45,A
1,19,25.979,11.38,23/06/2023 12:01:48,A
1,20,25.99,9.004,23/06/2023 12:01:51,A
1,21,25.99,6.784,23/06/2023 12:01:53,A
1,22,25.991,4.934,23/06/2023 12:01:56,A
1,23,25.991,4.079,23/06/2023 12:01:59,M
1,24,25.99,4.079,23/06/2023 12:02:01,M
1,25,25.99,4.079,23/06/2023 12:02:04,M
1,26,25.991,4.079,23/06/2023 12:02:07,M
1,27,25.991,4.079,23/06/2023 12:02:09,M
1,28,25.989,4.081,23/06/2023 12:02:12,A
1,29,25.99,6.258,23/06/2023 12:02:15,A
1,30,25.99,11.004,23/06/2023 12:02:17,A
1,31,25.327,15.451,23/06/2023 12:02:20,A
1,32,23.131,15.176,23/06/2023 12:02:23,A
1,33,20.103,14.119,23/06/2023 12:02:25,A
1,34,16.45,13.953,23/06/2023 12:02:28,A
1,35,13.435,13.901,23/06/2023 12:02:31,A
1,36,12.241,11.298,23/06/2023 12:02:34,A
1,37,11.659,10.37,23/06/2023 12:02:36,A
1,38,11.452,9.155,23/06/2023 12:02:39,A
1,39,11.319,5.616,23/06/2023 12:02:42,A
1,40,11.309,3.571,23/06/2023 12:02:44,A
1,41,11.31,3.401,23/06/2023 12:02:47,A
1,42,11.309,3.192,23/06/2023 12:02:50,A
1,43,11.322,2.693,23/06/2023 12:02:53,A
2,0,78.239,20.208,23/06/2023 12:04:29,M
2,1,78.239,20.609,23/06/2023 12:04:32,M
2,2,78.238,20.938,23/06/2023 12:04:34,M
2,3,77.991,21.912,23/06/2023 12:04:37,M
2,4,77.82,23.064,23/06/2023 12:04:40,M
2,5,77.776,25.464,23/06/2023 12:04:43,A
2,6,77.118,25.564,23/06/2023 12:04:45,A
2,7,72.636,25.564,23/06/2023 12:04:48,A
2,8,62.452,25.564,23/06/2023 12:04:51,A
2,9,52.622,25.564,23/06/2023 12:04:53,A
2,10,44.078,25.564,23/06/2023 12:04:56,A
2,11,36.959,25.564,23/06/2023 12:04:59,A
2,12,31.574,24.647,23/06/2023 12:05:02,A
2,13,28.097,17.382,23/06/2023 12:05:04,A
2,14,26.755,13.06,23/06/2023 12:05:07,A
2,15,25.976,11.157,23/06/2023 12:05:10,A
2,16,25.976,9.049,23/06/2023 12:05:12,A
2,17,25.976,6.934,23/06/2023 12:05:15,A
2,18,25.977,5.06,23/06/2023 12:05:18,A
2,19,25.977,4.069,23/06/2023 12:05:20,M
2,20,25.976,4.069,23/06/2023 12:05:23,M
2,21,25.976,4.069,23/06/2023 12:05:26,M
2,22,25.977,4.069,23/06/2023 12:05:29,M
2,23,25.977,4.069,23/06/2023 12:05:31,M
2,24,25.977,4.069,23/06/2023 12:05:34,M
2,25,25.976,4.069,23/06/2023 12:05:37,A
2,26,25.976,7.051,23/06/2023 12:05:40,A
2,27,25.973,14.396,23/06/2023 12:05:42,A
2,28,24.185,21.673,23/06/2023 12:05:45,A
2,29,21.146,26.834,23/06/2023 12:05:48,A
2,30,15.278,27.951,23/06/2023 12:05:51,A
2,31,10.25,23.696,23/06/2023 12:05:53,A
2,32,6.433,17.401,23/06/2023 12:05:56,A
2,33,4.624,12.209,23/06/2023 12:05:59,A
2,34,3.828,10.64,23/06/2023 12:06:01,A
2,35,3.698,8.076,23/06/2023 12:06:04,A
2,36,3.7,4.58,23/06/2023 12:06:07,A
2,37,3.723,3.541,23/06/2023 12:06:09,A
2,38,3.727,3.409,23/06/2023 12:06:11,A
2,39,3.74,3.26,23/06/2023 12:06:13,A
2,40,3.738,3.024,23/06/2023 12:06:16,A
2,41,3.738,2.807,23/06/2023 12:06:18,A
2,42,3.737,2.971,23/06/2023 12:06:20,A
2,43,3.736,3.299,23/06/2023 12:06:22,A
2,44,3.738,3.661,23/06/2023 12:06:25,A
2,45,3.738,3.519,23/06/2023 12:06:27,A
2,46,3.758,3.372,23/06/2023 12:06:30,A
2,47,3.755,3.249,23/06/2023 12:06:32,A
2,48,3.756,2.923,23/06/2023 12:06:35,A
2,49,3.753,2.829,23/06/2023 12:06:37,A
2,50,3.752,3.11,23/06/2023 12:06:39,A
2,51,3.752,3.579,23/06/2023 12:06:42,A
2,52,3.768,3.595,23/06/2023 12:06:44,A
2,53,3.769,3.462,23/06/2023 12:06:46,A
2,54,3.769,3.338,23/06/2023 12:06:48,A
2,55,3.769,3.21,23/06/2023 12:06:50,A
2,56,3.77,2.906,23/06/2023 12:06:53,A
2,57,3.769,2.822,23/06/2023 12:06:55,A
2,58,3.768,3.03,23/06/2023 12:06:57,A
2,59,3.767,3.39,23/06/2023 12:06:59,A
2,60,3.768,3.624,23/06/2023 12:07:01,A
2,61,3.769,3.479,23/06/2023 12:07:03,A
2,62,3.769,3.216,23/06/2023 12:07:05,A
2,63,3.769,2.824,23/06/2023 12:07:07,A
2,64,3.768,2.825,23/06/2023 12:07:09,A
3,0,80.574,20.326,23/06/2023 12:08:41,M
3,1,80.485,20.696,23/06/2023 12:08:43,M
3,2,80.486,20.978,23/06/2023 12:08:46,M
3,3,80.486,21.79,23/06/2023 12:08:48,M
3,4,80.413,25.489,23/06/2023 12:08:50,M
3,5,80.402,27.701,23/06/2023 12:08:53,A
3,6,79.374,27.815,23/06/2023 12:08:55,A
3,7,75.634,27.815,23/06/2023 12:08:57,A
3,8,69.454,27.815,23/06/2023 12:09:00,A
3,9,59.93,27.815,23/06/2023 12:09:02,A
3,10,52.061,27.815,23/06/2023 12:09:04,A
3,11,45.517,27.815,23/06/2023 12:09:06,A
3,12,37.966,27.815,23/06/2023 12:09:09,A
3,13,33.303,26.614,23/06/2023 12:09:11,A
3,14,29.371,21.893,23/06/2023 12:09:14,A
3,15,27.657,15.277,23/06/2023 12:09:16,A
3,16,26.347,11.955,23/06/2023 12:09:18,A
3,17,26.219,8.961,23/06/2023 12:09:21,A
3,18,26.221,7.287,23/06/2023 12:09:23,A
3,19,26.221,5.386,23/06/2023 12:09:26,A
3,20,26.221,4.234,23/06/2023 12:09:28,M
3,21,26.221,4.064,23/06/2023 12:09:30,M
3,22,26.22,4.064,23/06/2023 12:09:33,M
3,23,26.22,4.064,23/06/2023 12:09:35,M
3,24,26.221,4.064,23/06/2023 12:09:38,M
3,25,26.221,4.064,23/06/2023 12:09:40,M
3,26,26.221,4.064,23/06/2023 12:09:42,A
3,27,26.22,4.75,23/06/2023 12:09:45,A
3,28,26.219,9.94,23/06/2023 12:09:47,A
3,29,26.045,14.079,23/06/2023 12:09:50,A
3,30,24.378,15.997,23/06/2023 12:09:52,A
3,31,22.055,14.417,23/06/2023 12:09:55,A
3,32,18.62,13.982,23/06/2023 12:09:57,A
3,33,15.661,13.956,23/06/2023 12:09:59,A
3,34,13.341,13.859,23/06/2023 12:10:02,A
3,35,12.334,11.643,23/06/2023 12:10:04,A
3,36,11.687,10.382,23/06/2023 12:10:07,A
3,37,11.51,9.929,23/06/2023 12:10:09,A
3,38,11.338,6.434,23/06/2023 12:10:11,A
3,39,11.304,4.029,23/06/2023 12:10:14,A
3,40,11.304,3.548,23/06/2023 12:10:16,A
3,41,11.306,3.446,23/06/2023 12:10:19,A
3,42,11.322,3.356,23/06/2023 12:10:21,A
3,43,11.321,3.234,23/06/2023 12:10:23,A
3,44,11.321,3.112,23/06/2023 12:10:26,A
3,45,11.322,3.017,23/06/2023 12:10:28,A
3,46,11.323,2.892,23/06/2023 12:10:31,A
3,47,11.322,2.84,23/06/2023 12:10:33,A
4,0,85.463,20.364,23/06/2023 12:12:15,M
4,1,85.463,20.554,23/06/2023 12:12:16,M
4,2,85.463,20.557,23/06/2023 12:12:18,M
4,3,85.462,20.564,23/06/2023 12:12:20,M
4,4,85.462,20.564,23/06/2023 12:12:21,M
4,5,85.462,20.628,23/06/2023 12:12:23,M
4,6,85.462,20.914,23/06/2023 12:12:25,M
4,7,85.462,21.26,23/06/2023 12:12:26,M
4,8,85.462,21.806,23/06/2023 12:12:28,M
4,9,85.462,22.579,23/06/2023 12:12:29,M
4,10,85.462,24.358,23/06/2023 12:12:31,M
4,11,85.462,26.073,23/06/2023 12:12:33,M
4,12,85.462,26.422,23/06/2023 12:12:34,A
4,13,85.354,26.422,23/06/2023 12:12:36,A
4,14,83.799,26.422,23/06/2023 12:12:37,A
4,15,81.851,26.425,23/06/2023 12:12:39,A
4,16,76.154,26.425,23/06/2023 12:12:40,A
4,17,72.463,26.425,23/06/2023 12:12:42,A
4,18,66.78,26.425,23/06/2023 12:12:43,A
4,19,60.823,26.425,23/06/2023 12:12:45,A
4,20,53.304,26.425,23/06/2023 12:12:47,A
4,21,48.598,26.425,23/06/2023 12:12:49,A
4,22,40.36,26.425,23/06/2023 12:12:51,A
4,23,35.197,26.425,23/06/2023 12:12:53,A
4,24,31.325,24.628,23/06/2023 12:12:55,A
4,25,28.343,18.224,23/06/2023 12:12:58,A
4,26,26.971,13.931,23/06/2023 12:13:00,A
4,27,26.198,11.693,23/06/2023 12:13:02,A
4,28,26.216,8.986,23/06/2023 12:13:04,A
4,29,26.215,7.259,23/06/2023 12:13:07,A
4,30,26.215,5.751,23/06/2023 12:13:09,A
4,31,26.216,4.387,23/06/2023 12:13:11,A
4,32,26.215,4.084,23/06/2023 12:13:13,M
4,33,26.213,4.084,23/06/2023 12:13:15,M
4,34,26.215,4.084,23/06/2023 12:13:18,M
4,35,26.216,4.084,23/06/2023 12:13:20,M
4,36,26.215,4.084,23/06/2023 12:13:22,M
4,37,26.215,4.084,23/06/2023 12:13:24,A
4,38,26.214,5.593,23/06/2023 12:13:26,A
4,39,26.213,10.294,23/06/2023 12:13:29,A
4,40,25.967,14.312,23/06/2023 12:13:31,A
4,41,24.487,16.026,23/06/2023 12:13:33,A
4,42,22.844,15.58,23/06/2023 12:13:35,A
4,43,19.82,14.117,23/06/2023 12:13:37,A
4,44,17.567,13.956,23/06/2023 12:13:39,A
4,45,14.871,13.956,23/06/2023 12:13:41,A
4,46,13.252,13.783,23/06/2023 12:13:43,A
4,47,12.296,11.532,23/06/2023 12:13:45,A
4,48,11.766,10.392,23/06/2023 12:13:47,A
4,49,11.533,10.135,23/06/2023 12:13:49,A
4,50,11.408,8.647,23/06/2023 12:13:51,A
4,51,11.309,5.684,23/06/2023 12:13:53,A
4,52,11.293,3.785,23/06/2023 12:13:55,A
4,53,11.294,3.496,23/06/2023 12:13:57,A
4,54,11.312,3.385,23/06/2023 12:13:59,A
4,55,11.316,3.233,23/06/2023 12:14:01,A
4,56,11.313,3.041,23/06/2023 12:14:03,A
4,57,11.312,2.692,23/06/2023 12:14:05,A
4,58,11.312,2.682,23/06/2023 12:14:07,A
1,0,75.565,20.281,23/06/2023 12:00:57,M
1,1,75.565,20.436,23/06/2023 12:00:59,M
1,2,75.554,20.809,23/06/2023 12:01:02,M
1,3,75.554,20.862,23/06/2023 12:01:04,M
1,4,75.554,20.862,23/06/2023 12:01:06,M
1,5,75.554,20.862,23/06/2023 12:01:09,M
1,6,75.554,20.862,23/06/2023 12:01:11,M
1,7,75.555,20.862,23/06/2023 12:01:14,M
1,8,75.555,20.866,23/06/2023 12:01:16,M
1,9,75.554,22.78,23/06/2023 12:01:18,M
1,10,75.43,27.408,23/06/2023 12:01:21,M
1,11,75.417,31.154,23/06/2023 12:01:23,A
1,12,73.667,31.277,23/06/2023 12:01:26,A
1,13,69.107,31.278,23/06/2023 12:01:28,A
1,14,60.165,31.278,23/06/2023 12:01:30,A
1,15,50.457,31.278,23/06/2023 12:01:33,A
1,16,43.658,31.278,23/06/2023 12:01:35,A
1,17,36.29,30.472,23/06/2023 12:01:38,A
1,18,31.974,26.136,23/06/2023 12:01:40,A
1,19,29.13,20.032,23/06/2023 12:01:42,A
1,20,27.146,14.301,23/06/2023 12:01:45,A
1,21,26.243,12.044,23/06/2023 12:01:47,A
1,22,25.991,10.16,23/06/2023 12:01:49,A
1,23,25.99,8.133,23/06/2023 12:01:52,A
1,24,25.991,6.007,23/06/2023 12:01:54,A
1,25,25.991,4.595,23/06/2023 12:01:57,A
1,26,25.991,4.079,23/06/2023 12:01:59,M
1,27,25.99,4.079,23/06/2023 12:02:01,M
1,28,25.99,4.079,23/06/2023 12:02:04,M
1,29,25.99,4.079,23/06/2023 12:02:06,M
1,30,25.991,4.079,23/06/2023 12:02:09,M
1,31,25.991,4.079,23/06/2023 12:02:11,A
1,32,25.99,4.796,23/06/2023 12:02:13,A
1,33,25.99,7.962,23/06/2023 12:02:16,A
1,34,25.987,13.302,23/06/2023 12:02:18,A
1,35,25.001,15.821,23/06/2023 12:02:21,A
1,36,22.554,15.176,23/06/2023 12:02:23,A
1,37,20.103,14.119,23/06/2023 12:02:25,A
1,38,16.45,13.953,23/06/2023 12:02:28,A
1,39,14.171,13.956,23/06/2023 12:02:30,A
1,40,12.635,12.534,23/06/2023 12:02:33,A
1,41,11.958,10.452,23/06/2023 12:02:35,A
1,42,11.58,10.304,23/06/2023 12:02:37,A
1,43,11.378,7.754,23/06/2023 12:02:40,A
1,44,11.307,4.968,23/06/2023 12:02:42,A
1,45,11.309,3.545,23/06/2023 12:02:45,A
1,46,11.31,3.401,23/06/2023 12:02:47,A
1,47,11.31,3.192,23/06/2023 12:02:49,A
1,48,11.323,2.854,23/06/2023 12:02:52,A
1,49,11.323,2.688,23/06/2023 12:02:54,A
1,0,75.565,20.281,23/06/2023 12:00:57,M
1,1,75.565,20.436,23/06/2023 12:00:59,M
1,2,75.554,20.76,23/06/2023 12:01:01,M
1,3,75.554,20.862,23/06/2023 12:01:04,M
1,4,75.554,20.862,23/06/2023 12:01:06,M
1,5,75.554,20.862,23/06/2023 12:01:08,M
1,6,75.554,20.862,23/06/2023 12:01:11,M
1,7,75.555,20.862,23/06/2023 12:01:13,M
1,8,75.555,20.866,23/06/2023 12:01:16,M
1,9,75.554,22.06,23/06/2023 12:01:18,M
1,10,75.5,27.408,23/06/2023 12:01:20,M
1,11,75.417,30.831,23/06/2023 12:01:23,A
1,12,74.355,31.278,23/06/2023 12:01:25,A
1,13,69.107,31.278,23/06/2023 12:01:28,A
1,14,61.822,31.278,23/06/2023 12:01:30,A
1,15,52.286,31.278,23/06/2023 12:01:32,A
1,16,45.429,31.278,23/06/2023 12:01:35,A
1,17,38.938,30.944,23/06/2023 12:01:37,A
1,18,32.928,27.588,23/06/2023 12:01:39,A
1,19,29.69,21.547,23/06/2023 12:01:42,A
1,20,27.492,15.122,23/06/2023 12:01:44,A
1,21,26.397,12.442,23/06/2023 12:01:46,A
1,22,25.991,10.689,23/06/2023 12:01:49,A
1,23,25.991,8.516,23/06/2023 12:01:51,A
1,24,25.99,6.343,23/06/2023 12:01:54,A
1,25,25.991,4.934,23/06/2023 12:01:56,A
1,26,25.991,4.086,23/06/2023 12:01:58,M
1,27,25.989,4.079,23/06/2023 12:02:01,M
1,28,25.99,4.079,23/06/2023 12:02:03,M
1,29,25.99,4.079,23/06/2023 12:02:06,M
1,30,25.991,4.079,23/06/2023 12:02:08,M
1,31,25.991,4.079,23/06/2023 12:02:10,A
1,32,25.99,4.355,23/06/2023 12:02:13,A
1,33,25.99,7.272,23/06/2023 12:02:15,A
1,34,25.99,12.194,23/06/2023 12:02:18,A
1,35,25.327,15.451,23/06/2023 12:02:20,A
1,36,23.727,15.916,23/06/2023 12:02:22,A
1,37,21.42,14.351,23/06/2023 12:02:24,A
1,38,17.874,13.953,23/06/2023 12:02:27,A
1,39,14.629,13.953,23/06/2023 12:02:29,A
1,40,13.16,13.643,23/06/2023 12:02:32,A
1,41,12.089,10.854,23/06/2023 12:02:34,A
1,42,11.659,10.37,23/06/2023 12:02:36,A
1,43,11.495,9.699,23/06/2023 12:02:39,A
1,44,11.355,6.325,23/06/2023 12:02:41,A
1,45,11.309,4.019,23/06/2023 12:02:43,A
1,46,11.31,3.471,23/06/2023 12:02:46,A
1,47,11.309,3.325,23/06/2023 12:02:48,A
1,48,11.313,3.034,23/06/2023 12:02:50,A
1,49,11.322,2.693,23/06/2023 12:02:53,A
1,0,75.565,20.281,23/06/2023 12:00:57,M
1,1,75.565,20.436,23/06/2023 12:00:59,M
1,2,75.554,20.76,23/06/2023 12:01:01,M
1,3,75.555,20.862,23/06/2023 12:01:03,M
1,4,75.555,20.862,23/06/2023 12:01:06,M
1,5,75.554,20.862,23/06/2023 12:01:08,M
1,6,75.554,20.862,23/06/2023 12:01:10,M
1,7,75.555,20.862,23/06/2023 12:01:12,M
1,8,75.555,20.862,23/06/2023 12:01:15,M
1,9,75.554,21.074,23/06/2023 12:01:17,M
1,10,75.554,23.593,23/06/2023 12:01:19,M
1,11,75.419,29.658,23/06/2023 12:01:22,M
1,12,75.267,31.279,23/06/2023 12:01:24,A
1,13,71.748,31.278,23/06/2023 12:01:26,A
1,14,65.776,31.278,23/06/2023 12:01:29,A
1,15,56.229,31.278,23/06/2023 12:01:31,A
1,16,48.686,31.278,23/06/2023 12:01:34,A
1,17,40.448,31.282,23/06/2023 12:01:36,A
1,18,35.049,29.743,23/06/2023 12:01:38,A
1,19,31.076,23.153,23/06/2023 12:01:41,A
1,20,28.222,17.228,23/06/2023 12:01:43,A
1,21,26.826,12.919,23/06/2023 12:01:46,A
1,22,25.979,11.38,23/06/2023 12:01:48,A
1,23,25.99,9.004,23/06/2023 12:01:50,A
1,24,25.991,7.287,23/06/2023 12:01:53,A
1,25,25.991,5.612,23/06/2023 12:01:55,A
1,26,25.991,4.199,23/06/2023 12:01:58,M
1,27,25.991,4.079,23/06/2023 12:02:00,M
1,28,25.99,4.079,23/06/2023 12:02:02,M
1,29,25.99,4.079,23/06/2023 12:02:05,M
1,30,25.991,4.079,23/06/2023 12:02:07,M
1,31,25.991,4.079,23/06/2023 12:02:09,M
1,32,25.991,4.079,23/06/2023 12:02:12,A
1,33,25.99,4.796,23/06/2023 12:02:14,A
1,34,25.99,8.999,23/06/2023 12:02:16,A
1,35,25.987,13.302,23/06/2023 12:02:18,A
1,36,24.616,15.984,23/06/2023 12:02:21,A
1,37,22.554,15.176,23/06/2023 12:02:23,A
1,38,20.103,14.119,23/06/2023 12:02:25,A
1,39,16.45,13.953,23/06/2023 12:02:28,A
1,40,14.171,13.956,23/06/2023 12:02:30,A
1,41,12.635,12.534,23/06/2023 12:02:33,A
1,42,11.958,10.452,23/06/2023 12:02:35,A
1,43,11.58,10.304,23/06/2023 12:02:37,A
1,44,11.378,7.754,23/06/2023 12:02:40,A
1,45,11.307,4.968,23/06/2023 12:02:42,A
1,46,11.309,3.545,23/06/2023 12:02:45,A
1,47,11.31,3.401,23/06/2023 12:02:47,A
1,48,11.31,3.192,23/06/2023 12:02:49,A
1,49,11.323,2.854,23/06/2023 12:02:52,A
1,50,11.324,2.688,23/06/2023 12:02:54,A
